sentence,eyewitnessed
Here's the #boulderflood video that's circulating around. Right in my old neighborhood west of CU! #StaySafe  http://t.co/eMPbOeBk7M‚Äù,NotEyewitness
RT @passantino: Video: Severe flooding hits near Univ. of Colorado at Boulder http://t.co/7jkJogCjDH,NotEyewitness
Thoughts and prayers out to those in Boulder who may not get to Amante for morning coffee. #boulderflood,NotEyewitness
what... ‚Äú@AmyZPhD: @JuggleGod They are saying South Boulder Creek near Eldo Sprgs is past #100yearflood levels #boulderflood‚Äù,NotEyewitness
Who's tryin to tube on boulder creek right now? #boulderflood,NotEyewitness
RT @dailycamera: VIDEO: Flooding at 28th St underpass in #Boulder tonight http://t.co/JhQBnOZWiF #boulderflood,NotEyewitness
"RT @elaine: With the #Boulderflood, remember to check and trust your sources before you Retweet. Don't go around spreading false informatio‚Ä¶",NotEyewitness
"Pray for Boulder, Colorado #boulderflood",NotEyewitness
RT @ShoutSteph: And I thought living on boulder creek would be a good thing... #flashflood #boulderflood #bouldercreek http://t.co/fe1LuXPp‚Ä¶,Eyewitness
"Evacuation order for the town of #Jamestown, #CO. Torrential #flooding rain in the Front Range Urban Corridor, N of I-70 #COwx #Boulderflood",NotEyewitness
RT @ShanaCordon: Evacuation bags are ready by the front door. Now hoping for some rest. Be safe &amp; well #Boulder friends. #boulderflood #cowx,Eyewitness
"#Breaking: Jamestown, Colorado, is under mandatory evacuation order due to flash flooding - @dailycamera http://t.co/bN3gBLKHQg",NotEyewitness
"The weather is crazy over here..we have rivers now, &amp; some students are evacuating the dorms while others went mud sliding xD #boulderflood",Eyewitness
Damnit @twitter take care of the spammers using #BoulderFlood,NotEyewitness
RT @NWSBoulder Significant flooding at the Justice Center in #boulderflood #COwx,NotEyewitness
RT @TimesCall: #Westminster and #Thornton swift-water dive teams en route to #Boulder in case they are needed. #boulderflood #cowx,NotEyewitness
"#russelladler #news Jamestown, Colorado, is under mandatory evacuation order due to flash flooding - @dailycamera http://t.co/yyqbHZajQz",NotEyewitness
HOLY SHIT. Boulder creek water volume for the last year. Be careful. #boulder #boulderflood http://t.co/TfBOR1iUfF http://t.co/2qEYyqHbwk,NotEyewitness
"#Boulder #Colorado has like 340 days of sunshine a year. Now the #BoulderFlood ? That just proves if we are gonna do it, we do it big!",NotEyewitness
Links for information on #Boulderflood from @BoulderOEM @CUBoulder @NWSBoulder @bouldercolorado #cowx  http://t.co/6QwHS0KLQ5,NotEyewitness
#socy2044  will there be looting? Or an increase in crime this weekend?#boulderflood,NotEyewitness
RT @TxStormChasers: Scanner: Highway 66 going into Lyons is underwater from the west at the Diamond Shamrock. #cowx  #boulderflood,NotEyewitness
rain again picking up in dwtn bldr #boulderflood,Eyewitness
For updates on additional evacuation points throughout Boulder County for #boulderflood visit http://t.co/zbOLD3UJEQ,NotEyewitness
"Flash floods wash away homes, kill at least one near Boulder, Colorado - U.S. News http://t.co/P5mHLfbnLR via @NBCnews",NotEyewitness
At least 1 dead in Colo. flooding: Severe flooding in Jamestown in Colorado's Boulder County killed one person... http://t.co/4IwenaofFy,NotEyewitness
RT @denverpost: UPDATE: Massive flooding has destroyed multiple homes in Boulder County: http://t.co/b2SOQOEIWb #COwx #BoulderFlood,NotEyewitness
"S/O to @CUBoulder, @dailycamera, and @bouldercounty for being on their game tonight. Thanks for the updates and alerts! #BoulderFlood",NotEyewitness
Did you know? Via @bouldercolorado: #Boulder is the #1 flash flood risk community in Colorado. #Boulderflood http://t.co/BIuwhpDQfL #COwx,NotEyewitness
RT @Kacyyy: @9NEWS our new front yard pond #boulderflood http://t.co/Lg7vETN7Pd,Eyewitness
RT @Muffissness: RT @LouiseMase Can't believe a few hours ago it was just a bit of heavy rain.. Escalated ridiculously quickly #boulderflood,NotEyewitness
One Dead as Flash Flooding Hits Parts of Colorado http://t.co/K4XbG0R6gJ,NotEyewitness
T'storms crossing I-25 toward #Longmont. Strong storm sitting over #Brighton tracking NE. #9wx forecast on #9News now http://t.co/uqO7mgWQoj,NotEyewitness
#BREAKING: @CUBoulderPolice say Approx. 400-500 #CUBoulder Family Housing residents evacuated.  #boulderflood #9NewsMornings,NotEyewitness
BREAKING NEWS: US 36 is now open from Sheridan to McCaslin #9wx #cotraf #boulderflood,NotEyewitness
RT @JeremyHubbard: Another great pic of #Boulderflood from Instagram. #Boulder @KDVR brandash's photo http://t.co/Ng3nnDaDpg,NotEyewitness
RT @Greeblemonkey: The original of the photo that is floating everywhere for #boulderflood @brandash's photo http://t.co/Mxz914VLJZ,NotEyewitness
"RT @AP: Heavy rains cause flash flooding in Colorado, collapsing homes and leaving at least one person dead: http://t.co/8SuXHamB9g #Boulder",NotEyewitness
"RT @nicollefagan: Rivalries aside, keep those affected by the #BoulderFlood in your thoughts and prayers. Hopefully no more lives are taken‚Ä¶",NotEyewitness
"RT @breakingstorm: Extremely dangerous and life threatening situation in Boulder, Colorado, area as flash flooding continues - @usNWSgov ht‚Ä¶",NotEyewitness
One person killed and homes destroyed after flash floods wreak havoc in Colorado http://t.co/mLSFP2d6GM,NotEyewitness
#DEVELOPING | 1 Dead as Flash Flooding Hits Parts of Colorado http://t.co/RDMF3TkiQH [via @AP],NotEyewitness
Everyone stay safe in the #BoulderFlood! Especially those having to be evacuated. It's getting dangerous.,NotEyewitness
One person #killed and homes #destroyed after flash floods wreak havoc in #Colorado - Sep 12 @ 7:44 AM ET http://t.co/V3o4BAZiFI,NotEyewitness
"RT @reedtimmerTVN: LIFE THREATENING flash #flooding in Colorado Foothills including Colorado Springs, Fort Collins, and Boulder areas http:‚Ä¶",NotEyewitness
RT @breakingstorm: 2nd death related to Colorado flooding reported - @9NEWS; for more: http://t.co/DfOjwyccDP,NotEyewitness
Student captures flash flooding on University of Colorado campus http://t.co/VMQc9BBU43,NotEyewitness
RT @ryanparkerdp: STRESS: OEM warns DO NOT leave your home if you do not have to. DO NOT DRIVE in Boulder. Period. #boulderflood,NotEyewitness
"JUST IN: A second person has died in Colorado's flash flooding, officials say. http://t.co/RjJiXKrbuS #cowx",NotEyewitness
RT @NewsBreaker: More on deadly Colorado flooding reported by @Kelly7News with @7newsNOW.,NotEyewitness
"RT @abc7newsBayArea: UPDATE: Flash flooding in Boulder County, Colorado has left two people dead. http://t.co/ntQm6jaDBR",NotEyewitness
"@_fl0ss: Boulder, Colorado feels God's wrath! Rejoice, for the rapture cometh. Let all #atheist sodomites drown! #boulderflood #cowx Harsh",NotEyewitness
‚Äú@MelissaBuntcake: This is 287 and Dillon Rd... Cars submerged after road gives way http://t.co/V2yIGBxfzt #BoulderFlood‚Äù. Awful!,Eyewitness
@Ericccxminaj 1 Dead as Flash Flooding Hits Parts of Colo.: Flash flooding in Colorado's Boulder County has left one person...  @MJJPEACE,NotEyewitness
RT @140elect: Large blocks of cement ripped off roads in #BoulderFlood http://t.co/drNnFiMJbZ,Eyewitness
I'll show the doppler radar from Boulder Colorado in just a minute...major flooding...and bridge washed away.  Amazing live pictures.,Eyewitness
"RT @fishnette Not going anywhere for a while in my hood. At Lakebriar off Linden, Twomile Creek. http://t.co/8fdCzD8kHV #coflood",Eyewitness
"Two dead, several structures destroyed in Colo. flooding: Hundreds of University of Colorado-Boulder students ... http://t.co/q9lLbHkzuV",NotEyewitness
RT @thegooglecar: At least one dead in Colorado flash flooding http://t.co/lRZTeyzG7M #Environment,NotEyewitness
"RT @dailycamera: If you're looking to volunteer or donate to help clean-up, @boulderoem says stay home and wait #boulderflood",NotEyewitness
"RT @MarciKrivonen: Wow. RT @HemaMullur: Two trucks, one car submerged after road collapse at Hwy 287 and Dillon. #cowx #boulderflood http:/‚Ä¶",NotEyewitness
Jamie's fine. Class canceled today at #CUBoulder. RT Flash floods kill at least 2 in Colorado http://t.co/i62gtcNMK2 via @USATODAY,Eyewitness
RT @HemaMullur: Two trucks and one car in the water after a road collapse at Hwy 287 and Dillon. #cowx #boulderflood @KDVR http://t.co/X27J‚Ä¶,NotEyewitness
"Severe flash flooding in the Boulder, #Colorado area last night. One person died (KUSA). #cowx #flashflood http://t.co/53qZmj8dxZ",NotEyewitness
RT @BBCNewsUS: Flooding from fast-moving storm in Colorado kills two people and leads to the evacuation of hundreds of homes http://t.co/fx‚Ä¶,NotEyewitness
Yousa punk bitch if you don't know about Boulder. This flood don't know what it's dealin' wit! #boulderflood,NotEyewitness
RT @DenverChannel: PLEASE RT: New evac center at Silver Creek High School at 4901 Nelson Road in Longmont.#boulderflood -@dailycamera,NotEyewitness
"The folks in #Jamestown were told to evacuate, but the road is washed out and they can't: http://t.co/btyqXlgwyE #boulderflood",Eyewitness
RT @breakingstorm: 3 dead in Colorado flooding after body of adult male discovered in Boulder County - @DenverChannel; for more: http://t.c‚Ä¶,NotEyewitness
LasVegasSun: 2 dead as flash flooding hits parts of Colorado http://t.co/l9vwyxd5VY #lasvegas,NotEyewitness
"Sheriff Pelle: We are trying desperately to get help to people, but we're continually frustrated. #COFlood",NotEyewitness
RT @BoulderOEM: City of #Boulder / Boulder County public info call center: 303-413-7730. Impacted residents can call for info. #Boulderflood,NotEyewitness
"RT @Weishampel: #Boulderflood road closures: http://t.co/Xip4aYz4ME many North #Boulder roads, just about every canyon. Stay home.",NotEyewitness
RT @RGIII: Please pray my family in Colorado and all others impacted by the #boulderflood,Eyewitness
"RT @roundpegg: Forget biking to work, today in #Boulder we could have kayaked. #boulderflood http://t.co/mMS4NkLgoI",NotEyewitness
RT @CUBoulderPolice: #cuboulder campus will also be closed tomorrow (9/13) due to #boulderflood. #cowx,NotEyewitness
RT @KWCH12: One person dead after flash flooding in Colorado: Days of heavy rains caused flash flooding in Colorado's Boul... http://t.co/d‚Ä¶,NotEyewitness
"Two Dead, Hundreds Evacuated, Cars Stranded in Colorado Flooding http://t.co/cYOO3LeqnH",NotEyewitness
Stay safe everyone! #boulderflood,NotEyewitness
RT @CBSEveningNews: The Univ. of Colorado Boulder will be closed today and tomorrow due to massive flooding in the area that has killed 2 (‚Ä¶,NotEyewitness
"RT @9NEWS: Wall of water floods Colorado, kills 2 http://t.co/VoG6PdYLZi #9NEWS",NotEyewitness
"RT @EvanKerns: If your bored, check out the trend #boulderflood, some crazy pictures.",NotEyewitness
RT @cnnbrk: At least three deaths have been reported in Colorado flooding; more victims are feared. http://t.co/h6eiw6Nzog,NotEyewitness
"WHAT? Boulder :( be safe, everyone!  RT @chicagotribune: Update: 2 dead, hundreds evacuated in Colorado flooding http://t.co/XfpiNCXGJl",NotEyewitness
"RT @sciam: Two Dead, Hundreds Evacuated, Cars Stranded in Colorado Flooding http://t.co/cA8iXnpcax",NotEyewitness
"Know what's going on in your country. #disasters #nature #destruction 3 dead, hundreds evacuated in Colorado flooding http://t.co/y1qmqT1XMT",NotEyewitness
I hope no weed plants were damaged. #boulderflood,NotEyewitness
#BoulderFlood is what Puddle of Mudd should've been named,NotEyewitness
bfp Live Interactive Coverage: Flooding in Colorado: Stay on top of the latest videos and social media coverag... http://t.co/jIHIa3LYBi,NotEyewitness
RT @Amelia__Earhart: The ramp from EB I-70 to SB I-225 is closed due to flooding @9news #cotraf #coflood,Eyewitness
RT @MikeNelson247: 2:30 AM Mike &amp; Anne still on the air! #BoulderFlood #7News #cowx #Denver http://t.co/qO4E8QgD6d,NotEyewitness
Video: St. Vrain River bow hitting the bottom of the bridge on Hover #longmont   http://t.co/L3aabcD2S1,NotEyewitness
RT @303GirlProblems: We hope everyone is staying safe!! #BoulderFlood #PrayForColorado,NotEyewitness
"RT @RedCross: For updates on how the Red Cross is responding to #Flooding in #Colorado, follow @RedCrossDenver",NotEyewitness
RT @DougInBoulder: ALERT: Wall of water coming down Logan Mill RIGHT NOW! Seek higher ground IMMEDIATELY! #boulderflood #cowx /scanner/1125‚Ä¶,Eyewitness
RT @CUBoulder: SEEK HIGHER GROUND IMMEDIATELY: Wall of water coming down Boulder Canyon. Move away from Boulder Creek! #BoulderFlood,Eyewitness
RT @asketchyfish: USGS/NWS looks to have accurate numbers. Holding my breath this afternoon with more rain on the way. #BoulderFlood http:/‚Ä¶,NotEyewitness
RT @denverpost: Reader photos of the Colorado flooding -  http://t.co/HDIGxf2CQh Send us yours - http://t.co/kS5SHy2WgU #cowx,NotEyewitness
@cityoflongmont ordering mandatory evacuations in the Southmoor Park neighborhood. #COFlood,NotEyewitness
CU ALERT: Wall of water coming down Boulder Canyon. STAY AWAY FROM BOULDER CREEK. Seek higher ground immediately. #boulderflood,NotEyewitness
"RT @FHSRoyalBanner: 11:30am: Large surge of water coming down Fourmile Canyon. If you are down stream, seek higher ground. #boulderflood ht‚Ä¶",NotEyewitness
"RT @epalmero: I tend to like water more than fire, but this whole Colorado is flooding thing doesn't seem much more pleasant than Colora‚Ä¶",NotEyewitness
"RT @JGeorgitis: #Boulderflood Anyone need help?  I live in Holiday neighborhood, Yarmouth and 17th and can get to you if you are close by.",Eyewitness
City of #Boulder Emergency Declaration: http://t.co/EVesFaAPHF #BoulderFlood -@CNNEditorChuck,NotEyewitness
Updated: Top social media videos of the #Boulderflood http://t.co/CcVtkXxEf0 via @aimeemay,NotEyewitness
RT @CherylPreheim: NEW: Sewage has leaked into water in some areas.  Stay away from water per Boulder Sheriff Dept. @9NEWS #coflood,NotEyewitness
RT @9NEWS: 25% of CU's campus buildings have water damage - ranging in severity. Campus closed tomorrow too. #coflood,NotEyewitness
RT @9NEWS: #COFlood RT @TrevorHughes: Bridge collapse is at 63rd and St Vrain Creek.,NotEyewitness
"Evacuation center for Boulderites YMCA of Boulder Valley, 2850 Mapleton Ave, Boulder, CO 80301 #boulderflood",NotEyewitness
Leaving Boulder on Hwy 128. 72 is closed. Coal Creek Canyon closed. #boulderflood http://t.co/7Q76jkQkWT,Eyewitness
RT @ryanlanclos: Monitor #boulderflood #COwx on #Esri Disaster Response Program public information map http://t.co/ThLO0H20OG,NotEyewitness
RT @Claudia_Imhoff: #BoulderFlood Large surge of water reported in Fourmile Creek passing Logan Mill @ 10:55 Residents down stream should c‚Ä¶,NotEyewitness
My neighborhood off north 26th st in North Boulder is completely flooded except for my st + 1 other. #boulderflood,Eyewitness
RT @CUBoulderPolice: About 40 #CUBoulder buildings damaged (most w/ minor water damage). About 25% of campus buildings. #BoulderFlood #cowx,NotEyewitness
"RT @BoulderRelief: Not in Colorado? Just $5 will buy dry socks, a flashlight, and batteries for a #BoulderFlood victim who needs help: http‚Ä¶",NotEyewitness
At least 4 killd 500 unaccountd 4 as floodwatr inundates Colorado http://t.co/Lax0e1rAOa #flooding #neighbors #park #thinking,NotEyewitness
"RT @joefryer: Latest #coflood stats from state officials: 584 unaccounted for (234 in Boulder Co, 350 in Larimer Co); 1750 evacuated by Nat‚Ä¶",NotEyewitness
RT @cnnbrk: More than 500 people are still unaccounted for in Colorado flooding; more heavy rain expected Sunday. http://t.co/iuT5V20Wtp,NotEyewitness
RT @BBCWorld: VIDEO: Aerial shots of Colorado flooding http://t.co/aUDJ3VaIth,NotEyewitness
Colorado floods: More than 500 still unaccounted for as 'devastating' rain looms - CNN International: NPRColor... http://t.co/smCMEtY5fM,NotEyewitness
Colorado Flooding Forces Evacuations -  Email Newsletters and Alerts The latest #news and analysis delivered to... http://t.co/1tZcK9kkBZ,NotEyewitness
RT @SOTTnet: Earth Changes: Aerial footage of devastating Colorado floods: Aerial footage shows the scale of destruction ca... http://t.co/‚Ä¶,NotEyewitness
Prayers going out to everyone who's getting affected by the Colorado flooding. I have a friend who is VERY close to the flooding.,NotEyewitness
Everybody Keep @DJWhizlam &amp;The Residents Of Colorado In Your Prayers! The Weather There Is Crazy &amp; It has Me VERY Concerned! #ColoradoFlood,NotEyewitness
#Tgictweeps Colorado floods: More than 500 still unaccounted for as 'devastating' rain looms‚Ä¶ http://t.co/SotswFOrYn,NotEyewitness
"1,750 people evacuated so far by National Guard due to #coflood  http://t.co/UTjrCm3NGc",NotEyewitness
"RT @ejo60: Meteorologic explanation of the Colorado floods which are related to atmospheric blocking, meaning that pressure‚Ä¶ http://t.co/Yl‚Ä¶",NotEyewitness
RT @FoxNews: At least 500 unaccounted for in Colorado floods as Obama signs disaster declaration http://t.co/uVBsoTMYmt,NotEyewitness
Pray for the certain parts in Colorado that are affected by the #coflood,NotEyewitness
#Latest #News Colorado floods: Over 500 unaccounted for as 'devastating' rain looms - CNN: NPRColorado ... http://t.co/1d6lHv15vK #BNews,NotEyewitness
Hundreds of people are unaccounted for across the US state of Colorado as heavy flooding inundates mountain... http://t.co/41149VW5NI,NotEyewitness
Looks like the more severe rain projected for CO's Front Range was diverted to southern NE tonight. #COflood http://t.co/YLDw74njJ0,NotEyewitness
"New post: Colorado floods: Rescues, but more rain arrives http://t.co/NMHV3BBXOk",NotEyewitness
"Wow, Ms Bennett just claimed Colorado flooding down to climate change #Murnaghan",NotEyewitness
@IFreakSelena Colorado Floods Victims Urged 'Get Out Now': Rescuers will not return for families who refuse to evacuate...  @Ericccxminaj,NotEyewitness
Four dead and hundreds missing as floods devastate US state of Colorado Pic 1-4 http://t.co/vgjq8YIQ5F,NotEyewitness
Northeast Colorado residents are struggling with intense flooding as more rain is forecast for the region.,NotEyewitness
Thoughts and prayers with my #boulderflood affected friends and family. Please stay safe!,Eyewitness
Colorado Floods 2013: Rescuers Warn Some Against Remaining In Towns Isolated By Flooding,NotEyewitness
RT: @christine7news: @7NewsNOW Sunday morning continues w/ more #COFlood coverage from 7-10am. Morgan County is one of the major concerns.,NotEyewitness
RT @denverpost: UPDATE: 584 people are listed as unaccounted for in flood areas. http://t.co/cEtBtkHTRl #coflood,NotEyewitness
"RT @nycjim: With sewage treatment disabled, no flush rules imposed in Colo. town. http://t.co/2Z562xyocP via @denverpost #coflood",NotEyewitness
Waiting to hear from some of my family who live outside of #Boulder #BoulderFlood  in Gol Hill,Eyewitness
RT @denverpost: Infrastructure recovery will be an arduous process long after the floodwaters recede http://t.co/xP8H1CjaVl  #COflood,NotEyewitness
"#Colorado braces for more heavy rain, devastating floods http://t.co/vy2io8d86Y",NotEyewitness
Colorado floods threaten more homes as another feared dead - video http://t.co/5RfRgJjXSn,NotEyewitness
My heart &amp; prayers go out to all the people in #Colorado &amp; to any1 who has friends or family affected by the #coloradoflood,NotEyewitness
"RT @USATODAY: More than 500 people remain unaccounted for across Colorado after deadly, historic flooding: http://t.co/ftDxnbl5oT",NotEyewitness
@mitchell2906 You too!!! I'm stuck home in the #coloradoflood  Truck got stuck last night and roads flooded.  #funsunday lol,Eyewitness
"Let's not add to this anymore:  Stay out of moving water: 4 dead, 218 unaccounted for in Colorado flooding",NotEyewitness
RT @BrookeWagnerTV: #COflood victims can begin applying for @fema aid @kdvr #GDCO,NotEyewitness
"At least 4 dead, 200 missing in Colorado flooding; ‚ÄòLeave now or be prepared to stay for weeks‚Äô... http://t.co/zDnATBT1aE",NotEyewitness
"RT @USATODAY: More than 500 people remain unaccounted for across Colorado after deadly, historic flooding: http://t.co/gyfFdgBbD9",NotEyewitness
RT @CJose: Fort Morgan underwater. Platte River well out of its banks. Expected to get worse @KDVR  #COflood http://t.co/494Vs35qNm,NotEyewitness
RT @SteveGrzanich Emergency Management in Colorado reports 584 people now unaccounted for after flooding. via @denverpost #BoulderFlood,NotEyewitness
RT @CONG1860: More than 1750 civilians &amp; hundreds of pets evacuated from #COflood by CO #NationalGuard and @USArmy's #4thID http://t.co/5G9‚Ä¶,NotEyewitness
RT @CONG1860: 5 #NationalGuard helos &amp; crews from @wyoguard joining @CONG1860 and @USArmy #4thID in #COflood evacuation efforts today.,NotEyewitness
RT @nicolejpearce: The pics of the Colorado flooding that @jaredpolis has been tweeting are crazy! Prayers for everyone in CO.,NotEyewitness
Hundreds still unaccounted for in deadly Colorado #floods - http://t.co/ZFhBFFZTfF,NotEyewitness
"RT @breakingstorm: 482 people unaccounted for in Larimer County, Colorado, after flooding - @LarimerSheriff http://t.co/OE8z7OaPa3",NotEyewitness
"Pouring ‚òî-Put on comfy stuff, stay inside and let those saving our communities do their jobs unobstructed. #coflood http://t.co/tCjXKRkiI9",Eyewitness
"RT @KDVR: LIVE NOW: Why #coflood is being called a 1 in 1,000-year flood from CSU Prof. Russ Schumacher. Watch: http://t.co/Di1uo95L9p #c‚Ä¶",NotEyewitness
"RT @bylindsayhjones: As we get ready for football, let's keep those struggling to recover from the Colorado floods in our thoughts.",NotEyewitness
RT @ABC: Colorado Floods: Residents Unsure of What Home Will Look Like When They Return http://t.co/wwQWs60ZpK,NotEyewitness
RT @dailycamera: Flood warning in place as 3/10 inch rain falls in 30 min in parts of county; rain to increase this afternoon #boulderflood,NotEyewitness
RT @YahooNews: Hundreds are still missing in Colorado with more rain and flooding expected to hamper rescue efforts today: http://t.co/w2UT‚Ä¶,NotEyewitness
Here we go again with the rain. #boulderflood http://t.co/TInMWSAnku,NotEyewitness
RT @ahuntre: Colorado floods: Over 500 unaccounted for as 'devastating' rain looms http://t.co/OWh2V0aRrt,NotEyewitness
"RT @RemaxRealtor: Skies are absolutely opening up again in Arvada and Broomfield.. Pouring rain, not good. #coflood",Eyewitness
"RT @coloradodaily: RT @BrittanyAnas: To make a claim with FEMA, call 1-800-621-3362 or visit: http://t.co/hIxrheWCG3 #boulderflood",NotEyewitness
RT @BoulderFlood: Please pardon the inconvenience of my incontinence. I tried to hold it in but every hundred years or so... #boulderflood,NotEyewitness
RT @bouldercounty: Road closure map for Boulder County Roads #boulderflood #coflood http://t.co/UHwcYq8zx3,NotEyewitness
RT @WendyNorris: LPD scanner: Left Hand Creek up 1 foot/hour. Evac underway for residents in Missouri/S. Coffman area. Stay safe. #longmont‚Ä¶,NotEyewitness
"RT @femaregion8: The *best way* to help #coflood survivors, first visit http://t.co/vE6LB9zvCi . This is how you make the greatest impact. ‚Ä¶",NotEyewitness
"RT @DenverChannel: #BREAKING: Re-evacuation orders in Longmont - act now!! Greens, Champion Greens and the Valley neighborhood #COflood #CO‚Ä¶",NotEyewitness
RT @MollyHendrickso: We're headed to #Milliken today. We'll have continuous coverage starting at noon w the latest on the #coflood. #7newsN‚Ä¶,NotEyewitness
I have no food and no way to get food #boulderflood,Eyewitness
http://t.co/8V69nbgEce Hundreds unaccounted for in Colorado floods,NotEyewitness
RT @SurvivorShape: TY for the calls our studio&amp;staff survived the #coloradoflood - Hoping all our friends @FIRSTDESCENTS and @mylifelineorg‚Ä¶,NotEyewitness
RT @EricHolthaus: This is nearly unfathomable: the Big Thompson River has spent nearly 60hrs at record levels. #boulderflood ongoing. http:‚Ä¶,Eyewitness
RT @DenverChannel: Flooding at Red Rocks Amphitheatre - about 30 rows under water! Photo via http://t.co/b414RHRZbh #COwx #COflood http://t‚Ä¶,NotEyewitness
RT @Calgonaway: My prayers go out to all the flooding victims in Colorado right now.,NotEyewitness
"RT @BoulderRelief: NEEDED: New towels, new blankets, new socks, dry shoes, packaged food for #BoulderFlood relief! Bring to 2850 Mapleton A‚Ä¶",NotEyewitness
#COflood Releases from Olympus Dam have increased to 1100 cfs. We have seen rain at Estes. Rain inflows to Lake... http://t.co/aoKTSgyyQn,NotEyewitness
Just talked with folks at @CUBoulder. Chancellor's decision about whether to close campus Monday is coming soon. #boulderflood,NotEyewitness
RT @9NEWS: INCREDIBLE IMAGE: A soldier rescues a woman with a walker via helicopter from Longmont Dam Rd. in Lyons. #coflood http://t.co/Ff‚Ä¶,NotEyewitness
"RT @W00PIGS000IE: BREAKING:  Experts have determined Colorado Flooding was caused by tears of Badger fans, FEMA is sending trucks loaded w/‚Ä¶",NotEyewitness
"RT @Richard_H: Just reading about the floods in Colorado - we've spent a fair bit of time there over the years, hope it stops raining soon ‚Ä¶",NotEyewitness
"RT @9NEWS: We just spoke with Red Rocks. Their seats are not underwater, just wet. Lumineers show tonight is still on as planned. #coflood",NotEyewitness
"RT @femaregion8: If it's not safe for you, it's not safe for your pets.  Take them with you. #COpets #COflood",NotEyewitness
"RT @latimes: Colorado flooding: 6 likely dead, more than 700 missing. http://t.co/Iwj1g4zuXN",NotEyewitness
"Boulder, CO has received app. 20 in of rain this year so far. That's 20% of what our rainforests get every year. #COflood",NotEyewitness
"RT @DenverChannel: 30 state highway bridges destroyed, 20 damaged - @ColoradoDOT's Amy Ford (partial assessment) #COFlood #BreakingNews",NotEyewitness
"RT @indigojourney: You dont have 2 ask permission, U see problem &amp; solution...encourage leaderhsip roles #occupy #floodrelief #coflood ht‚Ä¶",NotEyewitness
"Flooding by #UCCS has moved traffic cones into middle of traffic on Austin Bluffs by Union, stay safe out there!  #coflood",NotEyewitness
Fires cause flooding and death in Colorado http://t.co/hvTtjc1vW9,NotEyewitness
RT @mchastain81: You can do so much to help those who lost everything in the #COflood http://t.co/NsEhKW3Spu,NotEyewitness
#lyons #boulderflood Here is what is left of Shelly's Cabins off of 36 West of Lyons. http://t.co/wwvGLAt75C,Eyewitness
RT @KellySommariva: Streets buckling like taffy. Viewer pic from Lee Hill Dr. and Lefthand Canyon Dr. #coflood #boulderflood http://t.co/KK‚Ä¶,Eyewitness
RT @Muffissness: DONATE BY TEXT TO HELP #COLORADO #FLOOD VICTIMS. MT @9NEWS Colorado #floods: How you can help http://t.co/NBtzFvicNb #COFl‚Ä¶,NotEyewitness
RT @Trenton_Hoshiko: I started a T-Shirt campaign to benefit the #coloradoflood victims. http://t.co/p9WUBC0mWB    More info at http://t.co‚Ä¶,NotEyewitness
RT @HazNotification: 85 Denver 5th graders &amp; teachers stranded 4 days near get a ride home in a chopper! #cowx #boulderflood #coflood http:‚Ä¶,NotEyewitness
"RT @breakingstorm: 5 people confirmed dead in Colorado flooding, and 1,254 people unaccounted for statewide, official says - @NBCNews http:‚Ä¶",NotEyewitness
@cyclist_lawyer 100$ raised so far and just four hours in! #coflood,NotEyewitness
"RT @DisasterTechLab: OK, the decison has been made. We're sending a core team to Boulder to provide Internet access and comms. #coflood #bo‚Ä¶",NotEyewitness
Another woman missing and feared dead in Colorado floods http://t.co/HiEejveFjF,NotEyewitness
Another #CoFlood today #ugh #omg I wish this #weather get nice tomorrow,NotEyewitness
RT @RednockGeog: ‚Äú@guardian: Colorado floods: rescuers rush to evacuate stranded communities:  http://t.co/tq82PT6efp‚Äù yr12 world at risk,NotEyewitness
RT @YuriHiranuma: Death toll rises in Colorado floods with another feared dead http://t.co/OSoDTAWiAw via @reuters  „Ç≥„É≠„É©„Éâ„ÅÆÊ≠¥Âè≤ÁöÑ„Å™Ê¥™Ê∞¥„ÅÆÁèæÊôÇÁÇπ„Åß„ÅÆÊ≠ªËÄÖ4‰∫∫„ÄÅË°å‚Ä¶,NotEyewitness
"On the bright side though, the apartment has never been cleaner #boulderflood",Eyewitness
RT @Cosmic_Surfer: Colorado burns then floods but deniers still deny climate change http://t.co/oBI5D9LyFF,NotEyewitness
this has been an emotionally exhausting last 4 days #boulderflood,Eyewitness
Floods destroy or damage more than 50 bridges in Colorado: WELD COUNTY ‚Äî Thirty bridges have been reported... http://t.co/Mk4PlK5lXw,NotEyewitness
RT @HHDavisPix: The damage to the small town of #Jamestown of #Boulder from the #coflood is jaw dropping. Follow here for more photos http:‚Ä¶,NotEyewitness
RT @A_Long_Bear: Btw it just blows me away that over 1200 people are still unaccounted for from the floods that have hit Colorado. #unthink‚Ä¶,NotEyewitness
@JZ_Blue Thanks for the Love Bro. I'll be fine however many are not and our best wishes and prayers go out to them all. #COFlood,Eyewitness
RT @Wildcat0037: #Colorado floods: Over 500 unaccounted for as 'devastating' rain looms http://t.co/JRdYS5jmL7,NotEyewitness
The University of Northern Colorado will be closed Monday due to flooding in the area - @9NEWS http://t.co/wXaLVfubmQ,NotEyewitness
"RT @BreitbartNews: Over 1,200 Missing in Colorado Flooding: A large area of Colorado, primarily Boulder County, has experienced e... http:/‚Ä¶",NotEyewitness
"The Colorado Office of Emergency Management estimates nearly 19,000 homes are damaged or destroyed. #coloradoflood",NotEyewitness
"Someone needs to tell NBC they don't need to be camped in front of my.apartment still, as they.have been for 3 days #boulderflood #headsup",NotEyewitness
"RT @CherylPreheim: Heart wrenching @COEmergency reports 11,700 evacuated.  17,494 housing structures damaged, 1502 homes destroyed. #coflood",NotEyewitness
#COFlood coverage continues on CH20 and live stream: http://t.co/bbpTYjr77F,NotEyewitness
RT @OhMyJet: RT @KDVR: RT @CJose Viewer pic of Fairgrounds Park in Loveland. Railroad has shifted; heavy damage #COflood http://t.co/IBi2br‚Ä¶,NotEyewitness
"Flooding Brings Tales of Rescues, Improvisation: Flooding in Colorado Rockies brings tales of rescues, improvi... http://t.co/MmggUh5W59",NotEyewitness
"Flooding Brings Tales of Rescues, Improvisation: Flooding in Colorado Rockies brings tales of rescues, improvi... http://t.co/lxTmoXcI3u",NotEyewitness
RT @msnbcDisrupt: Pres. Obama has declared a state of emergency in Colorado after record flooding. To find out how you can  help go to: htt‚Ä¶,NotEyewitness
.RT @CUBoulderPolice: #BREAKING: Raw sewage flowing from pipe north of Space Sciences (East CU Campus) near footpaths. Avoid area. #COflood,NotEyewitness
Concerned family and friends use social media to spread word about #BoulderFlood unaccounted for: There are re... http://t.co/0o8YmosQ2Z,NotEyewitness
"@TheStalwart @PIMCO I live in Boulder, Colorado.  This is trivia compared to what we're dealing with here.  #BoulderFlood",Eyewitness
RT @anthonywx: BEFORE &amp; AFTER FLOOD: Big Thompson Canyon entr. (Photographers not known) #boulderflood #coflood http://t.co/TSlVL6fW0I,NotEyewitness
Interesting holiday experience: buying bottled water in Colorado because maybe the tap water is contaminated by the enormous floods.,Eyewitness
"RT @BrianBledsoe: 11,700 people evacuated, 17,494 homes damaged, 1,502 homes destroyed, 1,253 people unaccounted for...#cowx #coflood",NotEyewitness
"RT @SaraMegibow: ...is wet. Evacuations north, west and east of us. Still raining. Roads are shredded. #coloradoflood",Eyewitness
RT @BoulderRelief: Can you help with long-term housing of #BoulderFlood victims? Please let us know: boulderfloodrelief at gmail dot com,NotEyewitness
RT @realstevem: Does anyone know of some vacant warehouse space near central Boulder for @Boulderrelief Flood relief efforts? #boulderflood,NotEyewitness
Flooding at Cactus Jacks in #Evergreen #COFlood #cowx photo by @crossroads2007 http://t.co/K7K8g67utf,NotEyewitness
New look at the St Vrain in #Longmont via @Dougherty7NEWS Look how high river is flowing at Hover/3rd. http://t.co/xYbdNxy5Hl,NotEyewitness
"Rain is still pouring down in #Colorado. 500 unaccounted for by the #floods, hopefully rescue efforts are successful.",NotEyewitness
"RT @AccuracyInMedia: Colorado Floods Rise, Many Feared Dead or Missing! Please Retweet if you wish the best for those affected! http://t.co‚Ä¶",NotEyewitness
"@IdilioMon: #coloradoflood ==&gt; Street view from my home this afternoon. Rain, rain, go away... http://t.co/H3FdI3A1NQ",Eyewitness
PRAY FOR COLORADO: -DAMGES ESTIMATED $150 MILLION -35 BRIDGES DAMAGED  -ABOUT 100 MILES OF ROADS DAMAGED -NO FLUSH ORDER FOR EVANS #COFLOOD,NotEyewitness
#Colorado Floods Leave #Hundreds Unaccounted For http://t.co/LcRtx5HIYt,NotEyewitness
RT @KellySommariva: Here's a look inside Milliken courtesy @9NEWS viewer Briana. Stoplight at Hwy 60 and Hwy 257. #coflood http://t.co/ivmH‚Ä¶,NotEyewitness
"Good night all, keeping #boulderflood victims in my prayers. Going to help send supplies there and suggest if you're able to do the same.",NotEyewitness
MT @MVFireRescue Water distribution to start at 8am tomorrow. 3561 Stagecoach Rd #Longmont (MVFR's new admin bldg). #Longmontflood #coflood,NotEyewitness
RT @TimesCall: Juveniles seen removing barricades from Colo. 52 and County Line Road. #notfunnyidiots #boulderflood #erie #frederick,NotEyewitness
RT @HazNotification: Estimated 19k homes damaged or destroyed in Colorado. #coflood #boulderflood #cowx http://t.co/YBeVraRp0v,NotEyewitness
John Maynard Keynes would argue the #coloradoflood is stimulating the economy. #EconomicsFail,NotEyewitness
"RT @IdilioMon: @IdilioMon: #coloradoflood ==&gt; Street view from my home this afternoon. Rain, rain, go away... http://t.co/H3FdI3A1NQ",Eyewitness
RT @FoothillsUW: Your support is desperately needed. Please help now. #COFLOOD #BOULDERFLOOD  #LONGMNOTFLOOD    http://t.co/5UauZR8pIM,NotEyewitness
"Floods transform Colorado's 'Gore-Tex Vortex': LYONS, Colo. ‚Äî The cars that normally clog‚Ä¶ http://t.co/77iytR0rI6",NotEyewitness
"MT @BoulderOEM: RTD will have regular routes tomorrow except for the Y, YL &amp; N. The DASH is detoured around S. Boulder. #boulderflood",NotEyewitness
@WebProNews: #web Colorado Road Closures Present Dangers: The devastating floods have l... http://t.co/IsOgXmHfUE http://t.co/AWFI7OcN1j,NotEyewitness
‚Äú@danielpetty: Major air rescue for Boulder County foothills planned for Monday http://t.co/175GGwjkSZ #COflood‚Äù #cowx,NotEyewitness
"RT @YourAnonNews: Everything that led to Colorado‚Äôs record-breaking flood, and why it will only get worse: http://t.co/Na8evEfnHa #COflood",NotEyewitness
Colorado Floods: Rescuers Seek Survivors &amp; Signs of Hope http://t.co/0eBCt1QoSD,NotEyewitness
RT @9NEWS: PHOTO: @VidaUrbonas found this section of Flagstaff Rd. completely washed away. Live: http://t.co/B2yfEVU1hh #coflood http://t.c‚Ä¶,NotEyewitness
RT @OccupyDisabled: #CoFlood | NCUA Activates Disaster Policy - help from your credit union http://t.co/rDGZDLEzhV,NotEyewitness
RT @JessMyers95: I seriously can't believe the images I'm seeing from the flooding in Colorado #staysafe,NotEyewitness
"@GardenGuyKenn To Whom It May Concern: Kenn will be absent today due to...uh..the major flooding in Colorado. Sincerely, the #earlyrisers.",Eyewitness
"Another Death Reported in Colorado Floods; 1,200 Still Unaccounted For: Continuing rainfall hampered Colorado ... http://t.co/wQsBEjmmZs",NotEyewitness
"RT @DenverChannel: 1,253 people remain 'unaccounted for' in the #COflood. Details on @7NewsNOW 5-7a: http://t.co/aOn73AD317 #UpWith7News",NotEyewitness
That flooding in Colorado &lt;&lt;&lt;&lt; #prayforcolorado and wherever that specific spot is w/ the flood...,NotEyewitness
RT @VonnettaLWest: Praying for those affected by flooding in Colorado &amp; researching ways to help #OurNeighbors there!,NotEyewitness
#RT Anon Is there a media blackout happening regarding #fracking spills in Colorado Floods? http://t.co/gNHikUmzK8 #COflood #Boulderflood,NotEyewitness
RT @GMA: On @GMA: @SamChampion live in #Colorado w/ latest on flooding; will Obama‚Äôs #Syria deal hold?; &amp; #MissAmerica talks live about his‚Ä¶,NotEyewitness
"RT @MrHillCountry: Y'all keep Colorado, New Mexico &amp; Arizona in your thoughts &amp; prayers.  The floods are horrendous!  Pray the rain... http‚Ä¶",NotEyewitness
Over 1200 people unaccounted for after huge Colorado flooding. Pray for them,NotEyewitness
@WakeupKoglin @LaPort006 there's flooding in Colorado? Hmmm...... You pulling my chain? #cowx,NotEyewitness
"RT @kejames: Six dead, 1,253 unaccounted for, 17,494 homes damaged, and 1,502 homes destroyed in Colorado floods. http://t.co/eOFlAPHtER",NotEyewitness
The #COFlood: apparently the only story that the world wants to cover right now,NotEyewitness
All of us here at Rolling Hills Asylum send our love and support to the people of the Boulder Colorado floods as... http://t.co/rkdCyuMCVE,NotEyewitness
RT @carolynsave Our team made it over weekend 2 #Coloradoflood to help in the @RedCross shelters there to meet needs of #kids Keep the...,NotEyewitness
Now: The horrific Colorado floods that have occurred over the weekend. Towns and areas have been evacuated. http://t.co/Rq0aYcWyl5,NotEyewitness
RT @MadelineNovey: 40 people rescued from Big Thompson Canyon via ATV #coflood http://t.co/tOfGarUeta,NotEyewitness
RT @OWHnews: Colorado flooding: Have your friends and family been affected? Email @gaarder at nancy.gaarder@owh.com or call her at 444-1102.,NotEyewitness
RT @michaelstrahan: My thoughts and prayers go out to everyone in Colorado dealing with the floods and also to everyone in D.C at the Navy ‚Ä¶,NotEyewitness
"#COFlood, look at that sun trying to peak it's way through the clouds!  Help CO Flood victims &amp; their families @AmericanRedCross",NotEyewitness
RT @CBS4Tim: Colorado broadcasters planning a telethon for #COflood victims this week. More details to be released later today.,NotEyewitness
"#coloradoflood : Stories of grief, generosity http://t.co/MNwzbuoZKA",NotEyewitness
"It's BS that the government is happy to use drones for military/police work, but not disaster relief. http://t.co/N9wUfvuZRP #boulderflood",NotEyewitness
The Marcellus Effect: Colorado Floods Break Pipeline and Engulf Gas Wells http://t.co/TsqWSDUU9Y,NotEyewitness
"Ey... America. 19K Homes Damaged or Destroyed in Colorado Flooding, 5 Dead http://t.co/tNu87z7v0I",NotEyewitness
AHA Red Star rescue team mobilizes to help animal victims of Colorado floods http://t.co/tg199gplGr via @BunnyJeanCook,NotEyewitness
RT @AnimalPlanet: How are animals weathering the storm as floods sweep through Colorado? Click ahead for more on rescue efforts &gt;&gt; http://t‚Ä¶,NotEyewitness
#AWWA offers support and resources to flooded communities in Colorado. http://t.co/1cHErygsvN #coflood,NotEyewitness
RT @ReformConf: Our thoughts are with our host city of Denver and all of Colorado affected by the floods.  Stay safe!,NotEyewitness
My heart goes out to my fellow Coloradans who have lost so much in the #BoulderFlood.  Praying for you all!,NotEyewitness
RT @karencrummy: Just informed by national guard that the Mud up to my knees isn't mud.   Shit.   #coflood,Eyewitness
Colorado towns slowly reopen after floods cut residents off from homes: Officials gave early estimates of dama... http://t.co/sbeR2QVRPD,NotEyewitness
Go Bandit! RT @mitchellbyars: Bandit the live-rescue dog is trained to find live people under rubble http://t.co/7BsAKSZlha #boulderflood,NotEyewitness
At least 350 people still missing in Colorado flooding; five dead - http://t.co/pKPp4vEfcl,NotEyewitness
Brad Hirschfield: Colorado floods of ‚Äòbiblical proportions‚Äô http://t.co/bh0hlgVx9N,NotEyewitness
"#COflood: Colorado National Guard has evacuated 2,200 people and 500 pets so far",NotEyewitness
Today's Takeaway - Justice Ginsburg Speaks | U.S. &amp; Russia Strike Deal on Syria's Chemical Weapons | Colorado Floods Continue,NotEyewitness
Our prayers go out for the people in the Colorado flooding and the shooting in DC Navy Yard.,NotEyewitness
Rescue helicopters resume flights - so great to see evacuees landing at the airport in @bouldercolorado! #COflood,NotEyewitness
"RT @femaregion8: Individuals impacted by #COflood in Adams, Boulder, Larimer &amp; Weld counties ‚Äì apply for @fema assistance at http://t.co/Ug‚Ä¶",NotEyewitness
My favorite lunch/picnic spot along the #Boulder Creek ... Is now a raging river :( #COFlood @ Central‚Ä¶ http://t.co/AX7kI7FGjP,Eyewitness
Has that moron Pat Robertson blamed the Colorado floods on Potheads yet?  #700club #LegalizeIt,NotEyewitness
RT @9NEWS: Update: boulder co us army rescues 60 people in 2 hours from Jamestown and Big Elk Meadow. More 2 come #coflood via @abolton9n‚Ä¶,NotEyewitness
"RT @greeleygov: DISASTER ASSISTANCE: if you've sustained losses or damages due to the #coflood, call 1-800-621-FEMA (3362) http://t.co/MHCF‚Ä¶",NotEyewitness
RT @BoulderFlood: Salvation Army needs toiletries &amp; socks for #BoulderFlood victims! They can provide blankets/sheets right now. Go to 1701‚Ä¶,NotEyewitness
RT @femaregion8: Official accts to follow for #COflood updates: @COEmergency @BoulderOEM @RedCrossDenver @LarimerSheriff @bouldercounty @je‚Ä¶,NotEyewitness
RT @weblaur: prayers to those involved in the shooting in D.C. and to all the families dealing with the floods in Colorado :/,NotEyewitness
"For the victims of the #coloradoflood, here's #hope from a picture I took at Four Corners this summer. http://t.co/xmtrIdaVlA",Eyewitness
RT @sarashadid1: So many tragedies that our country is facing! Praying for those in DC and Colorado #NavyYardShooting #coloradoflood God he‚Ä¶,NotEyewitness
"Be prepared for floods, other emergencies. Stay up to date with vaccinations. Recommendations: http://t.co/mN1ILCIo0R #COFlood #cohealth",NotEyewitness
"4,500 homes damaged in #coflood ,200 businesses destroyed, about 500 with damage. Less than 400 people still missing. http://t.co/fVuVMwp8Jd",NotEyewitness
RT @COEmergency: RT @weldgov: Food and volunteers needed at the Weld Food Bank...http://t.co/NsPtcveVN3 #COFlood,NotEyewitness
RT @CodyCrouch: Over Lyons. You can see the bridge at Stone Canyon Rd is gone. #CoFlood http://t.co/AcJqKxkGE5,Eyewitness
Hundreds Unaccounted for in Colorado Floods [Video] - http://t.co/jQ2vARbnRf,NotEyewitness
RT @CarolMaeWY: Update: Is there a media blackout on the fracking flood disaster in Colorado? http://t.co/IBPOVJdcaH #COflood http://t.co/w‚Ä¶,NotEyewitness
"Praying for those 1,200 people missing in the colorado floods",NotEyewitness
cc @babrbi_twins #COpets RT @NinaSparano: #Coflood Evacuated dog runs to his owner waiting at the #RedCross http://t.co/YiqTmxeE73,NotEyewitness
Thoughts those doing it tough in the Colorado floods,NotEyewitness
RT @COPetEmergency: #COFlood #Lost #Dog Mariana Butte Sweet Abby a GSP / Lab has been missing since the flood please share! http://t.co/dPK‚Ä¶,NotEyewitness
RT @COEmergency: To register for FEMA disaster assistance: http://t.co/dpdM9XkA4U #COflood,NotEyewitness
The Devastating Floods In Colorado And How You Can Help http://t.co/UsVMBluP6X,NotEyewitness
How You Can Help With The Devastating Floods In Colorado http://t.co/jFlYy1nnjf,NotEyewitness
"RT @JoyceMeyer: Our prayers go out to those affected by Colorado flooding. We have partnered w/ Timberline Church to help provide supplies,‚Ä¶",NotEyewitness
"1,000 waiting to evacuate flood zone: It seems no one is beyond the reach of Colorado's epic flooding.       http://t.co/IKXTWtAell",NotEyewitness
Colorado floods: How to help: Many organizations are already trying to find ways to help thousands of Colorada... http://t.co/8KSx2H6m4b,NotEyewitness
RT @KyleClark: What unanswered #COflood questions do you have? I'll try my best to get you answers.,NotEyewitness
PHOTOS: Unreal Aerial Views of Devastation from Colorado Flooding http://t.co/wWbTehgN6A,NotEyewitness
Our thoughts are with so many of our friends and family affected by the floods in Colorado. Lets pray that all... http://t.co/JccuXmiA4u,NotEyewitness
"RT @DenverChannel: Avoid #COFlood waters, health department urges. If you touch it, wash often w/soap. Sewage possible, no reports of oil/g‚Ä¶",NotEyewitness
Prayers sent out to our Colorado people affected by the flooding. üôèüíô,NotEyewitness
RT @FoxNews: Death toll in #Colorado flooding rises to 7 as rescue crews scour rubble in search for missing: http://t.co/f8N1pCDts5,NotEyewitness
"RT @Clemson_CR: No matter the differences when Americans truly need help, we all come together. #PrayersforDC #Coloradoflood",NotEyewitness
"Flooding, Stranded, Emotions Rise in Colorado - The flooded area of Colorado is reportedly the size  http://t.co/UZGdETAzK2",NotEyewitness
@OKCStormWatcher  100 school children trapped by deadly Colorado floods are airlifted to safety after 2 days trapped http://t.co/CscnmePXvA,NotEyewitness
Take an aerial tour of Colorado‚Äôs flooding:  http://t.co/m3cRPz35CG,NotEyewitness
Colorado floods shut down hundreds of oil and gas wells; recovery will take time: Colorado's oil and... http://t.co/HivwsVtrc8 #Oil #BRK,NotEyewitness
@Kenny_Wallace HI Kenny!  Do u know if Furniture Row shop affected by Colorado flooding?,Eyewitness
"RT @DenverChannel: Larimer County says this is 1,000-year flood. Pic of Big Thompson Canyon #COflood http://t.co/H965LngZ2N http://t.co/GyJ‚Ä¶",NotEyewitness
RT @shipcompliant: We're organizing happy hour for #cofloodrelief this Thursday at Kitchen Next Door. 100% of the profits to Red Cross floo‚Ä¶,NotEyewitness
Thank u @LeahRemini for tweeting how people can help the #ColoradoFlood victims.,NotEyewitness
RT @CBSDenver: RT @CBS4Shaun: Human Airlift Rescue The Largest Since Hurricane Katrina http://t.co/31dIcwJTiJ #coflood,NotEyewitness
RT @The_WhiteWolf_: Colorado Ranchers join together to rescue horses and cattle stranded by the floods. http://t.co/7xxcjIBu6z,NotEyewitness
RT @MyBrownNewfies: Late night post. Helping Pets in the Colorado Flooding. #COFlood #BoulderFlood http://t.co/sIBjF3Qwgs,NotEyewitness
RT @YourAnonNews: #COflood Human Airlift Rescue The Largest Since Hurricane Katrina http://t.co/XOqIZB4CLM,NotEyewitness
Please read &amp; share @MarkUdall's resources for #COflood victims: http://t.co/PBzMytLfYe,NotEyewitness
RT @Cameron_Gray: Please remember to also help #COPets when you're helping those affected by the #COFlood,NotEyewitness
RT @MikeSoron: More than 1200 missing or unaccounted for in Colorado's 1000-year flood. http://t.co/KpWp7XoTSh #coflood #climate,NotEyewitness
RT @CopperMtn: Blue sky and #rainbows today. Sending positive vibes to the #COFlood victims! http://t.co/EIg9apjzC4,NotEyewitness
"On the News With Thom Hartmann: More Than 1,200 People Unaccounted for in the Colorado Flooding, and More http://t.co/AbZj8GwtVw",NotEyewitness
God bless Colorado and the people that are involved with the floods .!!! Be safe .!!!‚ù§üêØüêªüò•üò¢üôè‚ù§üêØüêªüò¢üò•üôè,NotEyewitness
"RT @USArmy: #Soldiers have rescued more than 2,100 people &amp; hundreds of pets displaced by Colorado floods http://t.co/p6a9phC8or @CONG1860",NotEyewitness
RT @DaleLoberger: UAV Provides Colorado Flooding Assistance Until FEMA Freaks Out  http://t.co/OhtDLhsulS drone mapping for flood reconnais‚Ä¶,NotEyewitness
RT @drewryniewicz: Praying for the victims &amp; families of the #NavyYardShooting &amp; #Colorado floods.,NotEyewitness
Praying for Colorado because its crazy flooding out there. üò≠üôè,NotEyewitness
Colorado flooding could help keep tourists away: DENVER (AP) ‚Äî Little more than a year after Colorado Gov. Joh... http://t.co/FvzqCVgHhm,NotEyewitness
"RT @AngelLazyChef: Superior #cowx flooding, farm spewing into adjacent creek. Yes, that all was dry farmland. #colorado http://t.co/laL8hhd‚Ä¶",NotEyewitness
Death toll from Colorado floods rises to eight http://t.co/ZzNddRQSVV,NotEyewitness
Ham Radio Operators help in emergencies during Colorado Floods - The Denver Post #ARES #coflood #hamr #Hamradio  - http://t.co/Fy9M7eSH2c,NotEyewitness
The latest on Colorado‚Äôs devastating flooding: 8 are confirmed dead and 1600 homes have been‚Ä¶ http://t.co/BxVaSryANl,NotEyewitness
MT @COEmergency Colorado 2-1-1 Recovery and Relief Guides http://t.co/VyeHrWp5Un ‚Ä¶ #COflood #hmrd ^CB,NotEyewitness
Also closed: US 34 Eastbound / Westbound Wiggins-Greeley (Milemarker 149-111) #coflood #cotraf,Eyewitness
RT @TotalTrafficDEN: #Boulder closed on Hwy 287 NB at CO-7 and CO-52 in #Longmont #COtraffic http://t.co/V8oA4oBJqC,NotEyewitness
"Lions, tigers, bears bask in rainwater at Colorado wildlife sanctuary - The Denver Post http://t.co/ChEwbAmB02 via @denverpost #coflood",NotEyewitness
Sending our thoughts and prayers to those affected by the Colorado flooding,NotEyewitness
RT @ClimateCentral: Flood-ravaged Boulder sets mark as 2013 now the city‚Äôs wettest year http://t.co/MLpemhC16R #coflood #climate,NotEyewitness
Colorado flooding could help keep tourists away http://t.co/vqWiFb51hK DENVER‚ÄîA little more than a year after Colorado Gov. John Hicke...,NotEyewitness
Salina Residents Capture Wall Of Water On Video http://t.co/I4vSf4E827 #boulderflood #COflood,Eyewitness
RT @freekibble: Big News! ALL @Halopets kibble raised today @Freekibble will go to pets impacted by the flooding in Colorado! http://t.co/M‚Ä¶,NotEyewitness
Water level monitor and chart #evergreenflood #coflood #jeffcoflood http://t.co/X38FafSWJ5,NotEyewitness
Still ppl unaccounted for after #COflood. Update social networks or use @RedCross Safe &amp; Well to share your status http://t.co/ZcuLidRRX2,NotEyewitness
Yesterday our UH-60 crews assisting w/ #coflood rescued 26 people and more than 20 animals - including a turtle! #nationalguard,NotEyewitness
"RT @boulderweekly: #COFlood first responders eat free at the Smashburger's food truck. Niwot High School, 8789 Niwot Road. Today &amp; tomorrow‚Ä¶",NotEyewitness
Promising: Number of unaccounted-for persons in #COFlood down to 648. http://t.co/rYdTohyPnf,NotEyewitness
@NBCNews  Media Ignores Damaged Oil &amp; Gas Tanks from Colorado Flooding -WHY? http://t.co/0aYY646eMV,NotEyewitness
"RT @GlobalNational: The Colorado floods, responsible for the evacuation of almost 12,000, and the death of seven, are seen from space. http‚Ä¶",NotEyewitness
"RT @DenverChannel: #COflood update in @LarimerCounty - Looking to use smaller aircraft for rescues in tight areas - Chuck Russell, Incident‚Ä¶",NotEyewitness
#COflood update in @LarimerCounty: We have optimism today... that we'll be able to go at the same rate as yesterday. Incident Command Team,NotEyewitness
Colorado Office of Emergency Management downgrades to 648 unaccounted for people http://t.co/vQZwMzXAPf #COflood,NotEyewitness
#COflood update in @bouldercounty: Re-entry passes available for Lyons residents tomorrow-- dawn to dusk entry,NotEyewitness
"RT @9NEWS: #BoulderFlood: up to 12,000 structures are currently threatened. #COFlood",NotEyewitness
"#COflood update on @bouldercolorado: Crews have cleared a large amount of debris - at max capacity at water treatment plant, per Huntley",NotEyewitness
Check out Colorado frack-site flooding - September 2013 http://t.co/4RvEODvaQw #colorado #fracking #flood #wells #well #oil #gas #fracked,NotEyewitness
RT @CUBoulder: Flood resource table for students &amp; the #cuboulder community 10-4 today &amp; Wed. @CU_UMC in front of @CUBookStore #boulderflood,NotEyewitness
RT @YoungCons: Harry Reid blames global warming for the Colorado floods. I guess there had never been a flood before we started driving car‚Ä¶,NotEyewitness
"#Aurora water officials said Aurora received about 15 inches of rainfall in a week, the same average yearly amount. #cowx #coflood",NotEyewitness
Colorado Statewide rainfall from the #coflood published by @ColoradoClimate here; http://t.co/HBIvB6y9ZQ @FloodsOrg @FloodPolicyWonk,NotEyewitness
RT @BreakingMemo: Death Toll From Colorado Floods Rises To Eight http://t.co/V9D9K7eF7r,NotEyewitness
RT @CodyCrouch: Cleared into Estes Park. Video and pics to come. #CoFlood,NotEyewitness
The Colorado flooding death toll has risen to 8 &amp; thousands still displaced. See the latest photos of the aftermath http://t.co/Z1MXHWsO8l,NotEyewitness
RT @WheatRidgePD: Pls RT this info! People in Colorado have been victimized enough. They don‚Äôt need to be scammed too! #coflood http://t.co‚Ä¶,NotEyewitness
Drones can be cool ‚Äú@ThomasFrey: Drones provide Colorado flooding assistance until FEMA grounded them http://t.co/LoqT0Mji0c‚Äù,NotEyewitness
.RT @bouldercounty: See tags/flags at home? LEAVE THEM IN PLACE. They're 4 search &amp; rescue http://t.co/2YNQ9y6Pav #boulderflood #COFlood,NotEyewitness
Colorado floods: How to talk to kids and stay strong amid disaster http://t.co/WsClQfk53O,NotEyewitness
An Interactive Map of the Colorado Floods http://t.co/9a0TdtZK4c,NotEyewitness
An Interactive Map of the Colorado Floods http://t.co/I6rTySiEtc,NotEyewitness
Media Ignores Damaged Oil &amp; Gas Tanks from Colorado Flooding http://t.co/wI5mQ3oIzu,NotEyewitness
@tishaschuller CEO of @ColoradoOilGas is tweeting about the industry response to Colorado flooding at #COGAResponds,NotEyewitness
RT @SarCharLand: Interested in continued updates on #oilandgas and #coflood? Visit http://t.co/V6ACD2LJ55 or email info@coga.org - thanks #‚Ä¶,NotEyewitness
His house was wrecked in the #BoulderFlood. So he decided to play his piano. (via @Upworthy) http://t.co/vxMBjTDteG,NotEyewitness
RT @COpetpantry: We're partnering w/ @HumaneBoulder to help displaced #boulderflood/#coflood victims feed #pets. To help: plz donate: https‚Ä¶,NotEyewitness
@CBSDenver @mariancall is hosting a live+online concert benefit tonight for the #COFlood! Pls share! #MCCOrelief http://t.co/6FRLtzcH4T,NotEyewitness
South Boulder Road fully open in both directions #COflood #boulderflood,Eyewitness
"CNN: Homes destroyed in Colorado floods: The skies have improved over Colorado, allowing some evacuated ... http://t.co/7TSNYpXwZg #news",NotEyewitness
RT @fractivist: UPDATE II  #coflood  Image from weld county - #oil #gas wellpad under water | #colorado   @AnarchoAnon http://t.co/Ie6D720R‚Ä¶,NotEyewitness
RT @COEmergency: .RT @AuroraGov: Good health advice from Aurora's own University of Colorado Hospital! http://t.co/73Ji17FjR5 #COFlood #COP‚Ä¶,NotEyewitness
7 photos that show how destructive the Colorado flooding has been... http://t.co/YlIcVO1mio,NotEyewitness
"RT @denverpost: People refusing to leave their Larimer County homes, only 100 rescued Tuesday http://t.co/Uznxh1DhWZ #COFlood",NotEyewitness
Aftermath of our day. #ColoradoFlood @jujub_14 carrieramz http://t.co/gd3ioHwyxP,Eyewitness
RT @Colorado: Our thoughts are with those who have been impacted by the recent flooding in Colorado. Resource info. here: http://t.co/b7YAi‚Ä¶,NotEyewitness
"Colorado Floods: Thousands of Gas, Oil Wells May Contaminate Water http://t.co/AaT8sXni14",NotEyewitness
RT @coolmompicks: Here's how you can help the Colorado flooding victims: http://t.co/3Wit38OU5a,NotEyewitness
"Reorganized stats from @COEmergency now classify 6 #COFlood deaths and the 2 missing, presumed dead are listed under missing.",NotEyewitness
"Donate to #COflood recovery efforts at http://t.co/sW8YGs6Ph8. Please consider donating money, as funds are most easily put to greatest need",NotEyewitness
"How can we help? #Colorado towns still surrounded by water, residents using refrigerators as 'life rafts': http://t.co/ufRNwjvBEW #COFlood",NotEyewitness
Noble Energy: Flooding closes 5-10 percent of Colorado wells http://t.co/y36rgD1P6R,NotEyewitness
RT @5280Magazine: Our thoughts are with Colorado flooding victims. Share why you love CO on Instagram with #5280is20. #coloradoflood #risea‚Ä¶,NotEyewitness
RT @TwitchyTeam: Barbi twins looking out for lost pets in Colorado floods; Rescues underway http://t.co/JkUgr6kr4M,NotEyewitness
"RT @meltzere: 'Weeks, months, years to recover' Every #Boulder department head using this phrase. #boulderflood",NotEyewitness
"RT @BigGigantic: 9.27 &amp; 9.28 CO shows BOTH #ColoradoFlood Relief Benefit Shows. Portion of proceeds donated &amp; food, clothing &amp; household it‚Ä¶",NotEyewitness
Hundreds missing in Colorado floods: Emergency teams are searching for hundreds of people missing after Colora... http://t.co/2ZKwObdrdX,NotEyewitness
"Colorado Towns Are Left Stranded in Deadly Floods -  ‚ÄúThis is not your ordinary disaster,‚Äù said Joe Pelle, the... http://t.co/KcGg1Yg6Kl",NotEyewitness
RT @freekibble: 100% of the kibble raised @Freekibble today goes to homeless pets impacted by the flooding in Colorado! Spread word! http:/‚Ä¶,NotEyewitness
"In honor of #s17, good time to check out #COflood (ff: @boulderflood) &amp; start building local crews to come help #occupy the recovery/rebuild",NotEyewitness
"RT @InterOcc: In honor of #s17, good time to check out #COflood (ff: @boulderflood) &amp; start building local crews to come help #occupy the r‚Ä¶",NotEyewitness
RT @sustainabilitst: Fracking Flooding in Colorado. The secret pollution that media isn't covering. http://t.co/id7HTQgSzM,NotEyewitness
Colorado emergency officials fear increased risk of West Nile virus amid flooding http://t.co/8FBFLbw9vA,NotEyewitness
RT @ZackMalitz: It's hard to find words for how awful the flooding of CO's #fracking fields is: http://t.co/up8EcFIhP2 #coflood #boulderflo‚Ä¶,NotEyewitness
@crissstaaaaal they need more of that Colorado flooding,NotEyewitness
His house was wrecked in the #BoulderFlood. So he decided to play his piano. (via @Upworthy) http://t.co/hd2qfHa00p,NotEyewitness
7 shocking photos of Colorado's flash floods http://t.co/tjxxN2ipr5,NotEyewitness
RT @AP: Focus shifts from airlifts to trying to find hundreds still unaccounted for after Colorado floods: http://t.co/c8ohuGzuL4 -CJ,NotEyewitness
Bid now on this one of a kind SIGNED canvas print of our @RedRocksOnline poster. ALL proceeds go to #Coflood relief: http://t.co/uygoDvxS5l,NotEyewitness
"U.S. floods roll toward Nebraska: As Colorado copes with the aftermath of deadly floods, the high waters rolled... http://t.co/ARj2I2Su6H",NotEyewitness
"Flood waters have hit Sedgwick County, up to 15 homes now in danger on SW side of the town of Ovid. #coflood @TubbsKOA @AprilZesbaugh",Eyewitness
An Interactive Map of the Colorado Floods http://t.co/kJRs4tsZ3f via @mashable,NotEyewitness
#Presbyterian Disaster Assistance responds to the #Colorado flooding. Learn what you can do to help: http://t.co/AZTWbHTD3z,NotEyewitness
RT @EnviroAction: Colorado #fracking site featured in @gaslandmovie now under water thanks to biblical floods. http://t.co/aQCq4giGd6,NotEyewitness
#BREAKING #COflood: Helicopters from Ft. Carson and @CONG1860 have evacuated 1162 people in  @bouldercounty - per Mitch Utterback,NotEyewitness
10 choppers on scene today in @LarimerSheriff . Drawing down resources in @TownofEstesPark . Access opening up along Highway 7 #coflood,NotEyewitness
RT @downtownboulder: We know you're all concerned about damage to #PearlStreetMall from the #boulderflood. We're happy to report that it wa‚Ä¶,NotEyewitness
"RT @Salon: Please, stop futzing around on Twitter and Facebook, and pay attention to the Colorado floods. We need your help http://t.co/Xlr‚Ä¶",NotEyewitness
"#bentozy Colo. runoff rushes toward Nebraska: As Colorado copes with the aftermath of deadly floods, the... http://t.co/M9PTdD82a1 #news",NotEyewitness
RT @ConvoyofHope: If you live in #Colorado and would like to volunteer to help with our #CoFlood response. Please sign up here: http://t.co‚Ä¶,NotEyewitness
"RT @CDPHE: #COFlood Boil water advisories still in place for Lyons, Mountain Meadow (Allenspark), and Firestone. #cohealth",NotEyewitness
"RT @LeftHandBrewing: From now to 9/30, @BeerAdvocate will be donating $1 from every mag subscription/renewal to help #COflood relief! http:‚Ä¶",NotEyewitness
RT @JohnFromCranber: H Reid blames Colorado flooding on #Climate Change: http://t.co/KqoLM99Nu7 Libs Holy Mantra happily used for any/eve‚Ä¶,NotEyewitness
Denver Business - DBJ special report: Colorado's floods - Last week's heavy rains across parts of Colorado were ... http://t.co/cSS0D6wDCC,NotEyewitness
Colorado Brewery On Banks Of Flooding St. Vrain River Survives With Help Of Malt B via  @huffingtonpost #smallbiz http://t.co/8xMfc2etm6,NotEyewitness
"RT @KDVR: Jake Jabs from @AmericanFurn donated $20,000 to @RedCrossDenver for #coflood victims this AM. http://t.co/Tjo7iNp0lZ http://t.co/‚Ä¶",NotEyewitness
https://t.co/Dn2nhlX3Y1   Colorado flooding lost and found pets,NotEyewitness
Potential health problems during flooding http://t.co/CsOn6YNWkk KUSA - The flooding across large areas of Colorado can bring along a ...,NotEyewitness
Colorado Floods: 172 Still Unaccounted For http://t.co/4RwnZAhSLy,NotEyewitness
"In Light of Colorado Floods, New EPA Report Reveals Importance of Wetlands and Streams http://t.co/GsVFRNpDyw",NotEyewitness
RT @brookejarvis: The USPS should use this photo from the Colorado floods in its advertising. http://t.co/JXFRWcPUv7,NotEyewitness
RT @CDPHE: #COFlood water can contain sewage. Wash cleanup clothes separate from uncontaminated laundry. http://t.co/fRsXN2jJHQ,NotEyewitness
7News gives $10k to #COfloodrelief from Scripps Howard Fund. Who else is stepping up? Telethon tonight 4-10:30. http://t.co/Nx6vBBFanH,NotEyewitness
Flood Recovery Resources ‚Äì from City of# LafayetteCO http://t.co/iO1w1xuaF8 #coflood #boulderflood,NotEyewitness
"Div of Insurance at #COFlood disaster centers -Loveland, Boulder, Longmont, Firestone, Greeley, Commerce City- to answer insurance questions",NotEyewitness
RT @michellemalkin: VERY COOL! ==&gt;MT @LauraKeeney All proceeds from merch sales at tonite's @muse show go to #coflood relief. http://t.co/f‚Ä¶,NotEyewitness
Dear weather gods - I'm not sure #Longmont is ready for the thunder and lightning and rain just yet. Maybe hold off another week or 2?,NotEyewitness
"Please.God let the Waters Receed.in Colorado , and take those people out of bondage.man. #coloradoflood .",NotEyewitness
"Whoops Winston @PushUpsNPaws, we may have started lil tiny bit early. You are our pal. #COFloodRelief",NotEyewitness
"Proud to be playing this all star event in #Loveland, #Colorado to help those affected by the #CoFlood #Potcheen https://t.co/Odn6lq1AAb",NotEyewitness
RT @9NEWS: The phone lines are now open!  #COFloodRelief http://t.co/x9m7XKk64Z,NotEyewitness
The Colorado Flood Relief Fundraiser Just kicked off! Call in at 1-877-667-6727 #COfloodrelief,NotEyewitness
"RT @coreykohn: if you want to be happy, think of others @dojo4 #boulderflood http://t.co/0ylw8K6SPp",NotEyewitness
"Flooding kills one in Colorado -  BOULDER #county, Colo. ‚Äî Severe flooding in Jamestown in Colorado‚Äôs Boulder... http://t.co/ecYNel4cUH",NotEyewitness
RT @CPPGeophysics: Map with before-and-after photos of the 2013 Colorado floods: http://t.co/9EuJOAlngK,NotEyewitness
RT Colorado Digs Out After 'Biblical' Flooding: Colorado Digs Out After 'Biblical' Flooding http://t.co/6NUPcX4sLp,NotEyewitness
2013 WORLD Cataclysmic FLOODS!! US COLORADO &amp; More than 30 COUNTRIES: http://t.co/M405lhCWd9 via @youtube,NotEyewitness
"RT @DenverChannel: $46,468 raised for #COFloodRelief so far! Call 877-667-6727 to donate and Please RT! http://t.co/Ba2o6QkYLN",NotEyewitness
RT @RedCrossDenver: #COFloodRelief fundraiser full number is 1-877-667-6727 after 4 PM MT,NotEyewitness
"#topstories Colorado floods: New rain falling in Boulder, thunderstorms possible (Denver Post): Share With Fri... http://t.co/XF86kM1lK3",NotEyewitness
Colorado floods:  The effort continued today to locate more than 500 people still missing from ... http://t.co/MXvWZb7W1Q #thebigpicture,NotEyewitness
@BoulderOEM public info hours now 7 a.m to 9 p.m as situation transitions to long term recovery http://t.co/8G6IuzKJww #Boulderflood,NotEyewitness
#Jamestown resident says things are disappearing from lumberyards around town. Worried about more looters. They will come. #boulderflood,NotEyewitness
Weld county officials writing down concerns on a board in front of citizens #coflood http://t.co/s79T1OMmdd,NotEyewitness
RT @BenchmarkCO: RT @ecohandyman: Tips for dealing w/ flooding in your crawlspace/basement if you're reeling from the #boulderflood.  http:‚Ä¶,NotEyewitness
Speaker says they're working on getting Jamestown mail routed to Boulder.  #coflood,NotEyewitness
Colorado flooding: Humane societies provide for evacuated pets http://t.co/HzbiUQ2orH People living along the Front Range aren‚Äôt the only...,NotEyewitness
Colorado Digs Out After 'Biblical' Flooding: Colorado Digs Out After 'Biblical' Flooding,NotEyewitness
RT @AllHands: Video update from our #COflood team: http://t.co/gxoMmOMd2y #drivemuch #sunshinemakeslifebetter #volpower,NotEyewitness
Colorado Digs Out After 'Biblical' Flooding http://t.co/i9xNz6q0We,NotEyewitness
"RT @HOUBizJournal: Houston #energy companies impacted by the Colorado floods, find out how serious the damage: http://t.co/GDsVvTNtWW",NotEyewitness
"RT @patriciazakhem: Tune in to 7NEWS now to help our neighbors in need! $724,264 so far and counting! #COFloodRelief @RedCrossDenver http:/‚Ä¶",NotEyewitness
Phones are still open15 more mins #COFloodRelief 1-877-667-6727 is the number to help your fellow Coloradoans!!!! #CO  #floodvictims,NotEyewitness
"RT @KyleClark: #COFloodRelief fundraiser at $959,712 with 10 minutes remaining. Anyone got $40,288 kicking around?",NotEyewitness
RT @CBSDenver: RT @CBS4Mark: The Big Thompson River in Milliken. The bridge is closed and debris keeps piling up. #coflood @JodiCBS4 http:/‚Ä¶,NotEyewitness
"RT @democracynow: Some 1,900 oil and natural gas wells have been shut down in #Colorado due to flooding, reports @JamesLPullen. http://t.co‚Ä¶",NotEyewitness
"A friend who lost everything, but zip lined her chickens and dogs out of destroyed home #boulderflood http://t.co/JmvhlaC6Uv",Eyewitness
"37 #photos of the Colorado floods,  via @big_picture http://t.co/22hng4BJup",NotEyewitness
DTN USA: Number of missing in Colorado floods drops; property loss soars: The number of people unaccounted for... http://t.co/mJRqFmA4oH,NotEyewitness
Colorado floods: low risk from fracking chemicals http://t.co/S3rftEscME,NotEyewitness
"Colorado floods: Costly and often uninsured: Damage from floods may cost nearly $2 billion and, for the most p... http://t.co/I5D3PIaqPy",NotEyewitness
Colorado floods: Costly and often uninsured: The recent severe floods in Colorado could end up costing homeown... http://t.co/EywJaZxXc0,NotEyewitness
"Ugh. :( RT Storm headed to #COFlood zones of Fort Collins, Boulder, Loveland. Wind, hard rain, hail possible http://t.co/3xHT8wlYiq",NotEyewitness
RT @starstodd: Phones are still open for the #COFloodRelief fundraiser!1-877-667-6727. http://t.co/US9KPqBW6V,NotEyewitness
RT @ArielMata: Lefthand Canyon from Sky9. #coflood https://t.co/6HRzxHF1Pz,NotEyewitness
"RT @thinkprogress: Colorado's oil and gas industry not prepared for floods, 5K gallons of crude spill into major river http://t.co/BJ2LNmKI‚Ä¶",NotEyewitness
RT @BoulderOEM: Want to help? We are coordinating volunteers and donations through http://t.co/VUlSoM4IhR. Thanks everyone!! #boulderflood,NotEyewitness
RT @GrowKeithCounty: Nebraska braces for overflow from Colorado flooding http://t.co/sGaxnlor1M,NotEyewitness
RT @COPetEmergency: #COPets #COFlood Shepherd Lab Mx Dog found in Boulder Now at Boulder Humane Society http://t.co/TuvkHE3j1e,NotEyewitness
RT @LeftHandBrewing: Help us spread the word about #LongmontOktoberfest &amp; #COFlood relief! Share: http://t.co/qvryJ8VA1R,NotEyewitness
Many Missing Now Accounted For In Colorado Flooding http://t.co/pcdMZjQeJp,NotEyewitness
"RT @nbcnightlynews: Latest: 201 people remain missing after devastating Colorado floods, officials say http://t.co/qdaY93mqih",NotEyewitness
#90sBabyFollowTrain Officials: 201 remain unaccounted for in Colorado floods; property lo... http://t.co/8wCbMwn8HF #TeamFollowWack #TFB,NotEyewitness
RT @weatherchannel: Before/After aerial images of the Colorado flood destruction: http://t.co/xa884cFVoH #coflood,NotEyewitness
"RT @hilltophereford: In The Wake Of Colorado‚Äôs Devastating Floods, 5,250 Gallons Of Crude Oil Spill Into Major River http://t.co/ASaz4v2kU2‚Ä¶",NotEyewitness
@IFreakSelena Many Missing Now Accounted For In Colorado Flooding: Rescuers have reached some of the remote areas affec...  @Ericccxminaj,Eyewitness
Colorado Oil and Gas Association to the flooding and safety/health/environmental issues is astounding.  Should be the end of fracking in CO.,NotEyewitness
RT @JohnCBS4: Not for those with a weak stomach: Larimer County Sheriff's flyover to survey the #COflood damage. http://t.co/zZWrNvDWxu,NotEyewitness
RT @Cal_OES: RT @femaregion8: 9/19 How Colorado state agencies are supporting #COflood response http://t.co/6jp94ZYUGD (via @COEmergency),NotEyewitness
RT @denverpost: ALERT: Larimer County adds to number of people presumed killed in flood: http://t.co/XPFW37QVXL #coflood,NotEyewitness
"RT @RedCrossDenver: Thank you, Colorado!! We raised over $1 million tonight for #COFloodRelief! Now, lots of work in the days, weeks &amp; mont‚Ä¶",NotEyewitness
Colorado Floods: What Happens to All That Water? http://t.co/IpdpfMKlHK via @LiveScience,NotEyewitness
"#COFlood Are you in #Evans, Colo. and need a place to shower due to the no flush order in your city? Here's a... http://t.co/L3IkZdRPwY",NotEyewitness
RT @tishaschuller: .@RedCrossDenver briefing on #coflood: Need to raise at least $5M.  Join us here http://t.co/sovoiNmPU3 #COGAResponds,NotEyewitness
RT @Accu_Jesse: Cloud seeding did NOT cause Colorado Flooding #coflood #goodtoknow http://t.co/QZiXYi3i2U,NotEyewitness
RT @BeerAdvocate: In #Denver tonight? Swing by @StarBar_Denver for a #Colorado Flood Relief Fundraiser http://t.co/KQ3k3odqiP #COflood #cra‚Ä¶,NotEyewitness
RT @jfleck: Why the #coflood fracking freakout is misplaced - there's *all kinds* of bad shit in urban/suburban flood water: http://t.co/gI‚Ä¶,NotEyewitness
"RT @TimesCall: #Longmont under state of emergency until Oct. 10. City manager can order evacuations, curfews. #longmontflood  http://t.co‚Ä¶",NotEyewitness
RT @SenBennetCO Suffered damage from #coflood? Register w/ FEMA for disaster assistance http://t.co/Lti7AeKB8a or call 1-800-621-FEMA Plz RT,NotEyewitness
Very helpful resource from ESRI - Colorado Flooding Maps and Images | Esri Disaster Map http://t.co/jlAUhsRVzQ,NotEyewitness
RT @denverchannel: #GoodNews after #COFlood: @AshleighWalters reports horses stranded in Estes Park now have transport and a place to go...,NotEyewitness
Nebraska braces for overflow from Colorado flooding http://t.co/8g0q7yzDTb,NotEyewitness
The likely death toll from Colorado flooding caused by torrential rains has risen to at least nine.,NotEyewitness
Wow- plowing out the mud from the bike path I use everyday #boulderflood http://t.co/CzRPk5AqIq,Eyewitness
RT @DamienGillis: Stunning new aerial pics of #coloradoflood #fracking damage. Citizens call for moratorium http://t.co/2vYPOMS8e1 @gasland‚Ä¶,NotEyewitness
RT @mikemangas: A Redding woman describes her Granddaughter's escape from disaster in the Colorado flooding. Tonight on KRCR News Channel 7.,NotEyewitness
"Hard to imagine 19,000 homes destroyed. #Coloradoflood",NotEyewitness
RT @finleybruce: Scenes from St. Vrain south of Miliken. #cowx #COflood http://t.co/20kuPmKIRE,NotEyewitness
They said #DEATH! Likely death toll in Colorado floods rises to at least nine - Reuters http://t.co/exzGPu4K0V #Follow,NotEyewitness
"Colorado Flooding Imperils Oil and Gas Sites, Causes Spill http://t.co/KPND9tVvIP  via @NatGeo",NotEyewitness
RT @BirdingMagazine: Here's coverage in Audubon magazine of the effects on birdlife of the recent flooding in northeastern Colorado: http:/‚Ä¶,NotEyewitness
The Disaster Distress Helpline 1-800-985-5990 provides crisis counseling to people affected by flooding. #coflood http://t.co/w9w4gwpkkS,NotEyewitness
"RT @SamaritansPurse: Volunteers began helping victims of the #COflood yesterday. We still need volunteers, you can sign up here: http://t.c‚Ä¶",NotEyewitness
BBC: Colorado flood death toll rises: The death toll from the historic flooding that hit Colorado last week ri... http://t.co/VBvpZOEcW8,NotEyewitness
"Colorado flood death toll rises: The death toll from the historic flooding that hit Colorado last week rises to seven, as state offic...",NotEyewitness
#TEAMFOLLoWASAP* Colorado flood death toll rises: The death toll from the historic flooding that h... http://t.co/topDcqQghk  @Manzie_iCe,NotEyewitness
RT @zfird: @NurandiNafisal Colorado flood death toll rises: The death toll from the historic flooding that hit C... http://t.co/NgFGg4bpzP ‚Ä¶,NotEyewitness
RT @AllieCatress: Silent auction &amp; awesome support for #coflood relief! W/@starbar_denver @oskarblues @alliecatress @‚Ä¶ http://t.co/WNJ0tZ0M‚Ä¶,NotEyewitness
"RT @SamaritansPurse: Volunteers began helping victims of the #COflood yesterday. We still need volunteers, sign up: http://t.co/0TTfjw60xv",NotEyewitness
Please check out opportunities to volunteer tomorrow (Friday) in Boulder and Longmont: http://t.co/4CLVcMf6mt #BoulderFlood,NotEyewitness
"Officials: Some #Boulder roads will be closed for weeks, months, longer. #Boulderflood http://t.co/wnbp2REdTi via @JoeCarmenRubino",NotEyewitness
RT @YourAnonNews: A message from @ColoradoOilGas- Welcome To The Climate That Changed Colorado! http://t.co/mZtJS9Osay #COflood via @remsta‚Ä¶,NotEyewitness
"The death toll from historic flooding that hit Colorado has risen to seven people, as the state faces 10 oil spills caused by the deluge.",NotEyewitness
RT @NASA: Colorado flooding near Greeley: comparison view from Landsat 8. http://t.co/r8wS1SXk60 @NASA_Landsat @USGSLandsat @NASA_EO,NotEyewitness
RT @BoulderFlood: Touching story from a #BoulderFlood Relief volunteer. This is what its all about: http://t.co/WoirHeMPSc,NotEyewitness
Colorado..... We feel your pain ‚òîÔ∏è‚òîÔ∏è‚òîÔ∏è‚òîÔ∏è‚òîÔ∏è‚òîÔ∏è‚òîÔ∏è‚òîÔ∏è‚òîÔ∏è‚òîÔ∏è‚òîÔ∏è‚òîÔ∏è‚òîÔ∏è‚òîÔ∏è‚òîÔ∏è‚òîÔ∏è‚òîÔ∏è‚òîÔ∏è‚òîÔ∏è‚òîÔ∏è‚òîÔ∏è‚òîÔ∏è‚òîÔ∏è‚òîÔ∏è‚òîÔ∏è‚òîÔ∏è‚òîÔ∏è‚òîÔ∏è‚òîÔ∏è‚òîÔ∏è #flooding #rain,NotEyewitness
VOLUNTEERS: Clean Up in Longmont 9am to 5pm! Meeting @ Twin Peaks Mall parking lot across from Schlotsky‚Äôs: http://t.co/Li8yM180Li #Coflood,NotEyewitness
No pets left behind' after Colorado flooding | Nation &amp; World | The Seattle Times http://t.co/yk4be5l7iD,NotEyewitness
Proud of @Code3Associates' efforts in Colorado. They're working w/ American Humane Assoc rescuing animals in aftermath of record floods.,NotEyewitness
Colorado Flood Damage  This image shows one of many scenes of damage from the flooding in Colorado that we... http://t.co/ItAGCxd0f8,Eyewitness
RT @TotalTrafficDEN: #Longmont closed on Hwy 287 SB at CO-52 and CO-7 in #Boulder #COtraffic http://t.co/V8oA4oBJqC,NotEyewitness
Colorado colleges pick up the pieces after flooding http://t.co/I9NedJfUiD,NotEyewitness
We're ready to have a good time whilst raising money to aid the #coloradoflood victims. Join us!  http://t.co/lXZDPmuXBM,NotEyewitness
RT @JERutter: MT @audubonmagazine -- Read about how the #coloradoflood affected #birds and wildlife in the area. http://t.co/6NxH3wr30v,NotEyewitness
"Help Jonathan, Cailey &amp; The Doggie Depot recover from #boulderflood  http://t.co/7PKQVlX7Fm via @gofundme",Eyewitness
"This is 2013. A Christian commentator blames the floods in Colorado on....the Gays: http://t.co/vVH2qmAEc8  Religion, I told you !!!!",NotEyewitness
"A Devastating Before/After Comparison of the Colorado Floods, Captured by Satellite http://t.co/pWmdFxQ922",NotEyewitness
Evacuee Sadie and her new best friend Cook enjoying the sunny #estespark day! #COPets #COFloodRelief http://t.co/5sQ5jySX0T,Eyewitness
RT @HerzMuses: The #ColoradoFlood has craft breweries rallying to help. Here is a short list from @craftbeerdotcom  http://t.co/TBPIHuvhpf,NotEyewitness
Don‚Äôt get Pulled Under: Tips for Spotting a Flood-Damaged Car http://t.co/qpiKHCMYt1 #COFlood #Flood #Insurance,NotEyewitness
"RT @ABCWorldNews: Thousands of pets, including fish, rescued from Colorado floods as rescue teams promise no pets left behind: http://t.c‚Ä¶",NotEyewitness
"In Milliken, disaster relief remains busy a week after flood.  @denverpost #coflood #milliken  http://t.co/4GENQ2Fukl",NotEyewitness
A couple days to rest and now back covering #coflood aftermath. Headed to #Larimerflood area to get latest at evacuee meeting tonight,NotEyewitness
@LongmontHumane thank you for the offer of #COPets donations here in #estespark if anyone down there is coming up pls let me know #COFlood,NotEyewitness
in the recent devastating floods in Boulder and Denver Colorado. Your friends here at...,Eyewitness
Hundreds of Cats Needing Help From Colorado Floods! Please help... : http://t.co/XL34jaCqB2 via @LuAnnSmithGCM #cats #catrescue,NotEyewitness
All evacuation shelters will be consolidated into one location: The YMCA in Boulder. Get the details http://t.co/fp9jWg7mEn #boulderflood,NotEyewitness
"Colorado floods: Deluged Boulder restaurants struggle back to service: With bright skies and dry streets,... http://t.co/YBp2WtvxKL",NotEyewitness
Check out the latest article on the recent historical rainfall and flooding in Colorado.http://t.co/Xl6j1g41HK #COwx #coflood,NotEyewitness
Obama FEMA mysteriously grounded private drones helping to map the damage in Colorado..  http://t.co/P5CAVKum8n #COflood,NotEyewitness
"RT @Michelle9647: More spilled oil found in #COflood aftermath, brings total to about 22,000 gallons released: http://t.co/gSt1COY0Sz",NotEyewitness
"Our @Tide Loads of Hope truck is located at Loveland's Laundromat, 266 E 29th St Loveland, CO 80538: http://t.co/VoDKZSF7Gd #COFloodRelief",NotEyewitness
"Oil spills, floods, airlifts in Colorado: Efforts continued Friday to cope with fallout from flooding that''s ... http://t.co/Z4viy8KwWS",NotEyewitness
RT @COEmergency: .@FloodDSS: Summary of Federal Aid for Private Water Infrastructure. http://t.co/uC5GXF41Vx #coflood,NotEyewitness
it sucks that the floods in Colorado are affecting Riot Fest but even still my heart goes out to those in Colorado and being affected,NotEyewitness
@WesWelker Can you please help my friend wyl who lost his home and business in the Colorado floods http://t.co/TOxqnO2rNb Please spread.,Eyewitness
@BlameItOnGinger Please help my friend wyl who lost his home and business in the Colorado floods http://t.co/cE3SMvcujP Please spread.,Eyewitness
"RT @longmontkathy: After the #coflood, #fracking operations are leaking. Tell @Hickforco: Stop CO's #fracking flood http://t.co/L8WdkeGErx ‚Ä¶",NotEyewitness
Flood Cleanup Guidance from Colo. Dept. of Pub. Health #coflood http://t.co/falV1EDw0a,NotEyewitness
Bringing it Home: Impact of floods ripples to Aspen http://t.co/nZlP0k4Jxl #aspen #colorado,NotEyewitness
RT @BigJoeBastardi: Facts on Arctic Ice &amp; Colorado Floods ‚Äî The Patriot Post http://t.co/IKnwpPYXh7 My latest Patriot Post,NotEyewitness
"Pastor blames Colorado floods on abortion, weed and ‚Äòdecadent homosexual activity‚Äô http://t.co/KpLfeyBznR",NotEyewitness
So sad --&gt; This is where flooding meets fracking after Colorado's superstorm http://t.co/hUL0itWLWa via @OnEarthMag #fractivism,NotEyewitness
RT @samiejoy1: It's only fitting that after the Colorado floods our game vs. CSU is in the rain üòî‚òîÔ∏è,NotEyewitness
The Gays caused the flooding in Colorado?  Can do that but can't get the Judy Garland box set when it's back ordered? #doh,NotEyewitness
RT @ajfromhouston: HARRY BLAMES COLORADO FLOODS ON THAT BS WARMING BS!!HIM AND GORE SHOULD BE IN JAIL!!FOR FRUAD!!ENOUGH!!LIES,NotEyewitness
Select @bouldercounty parks are now open to the public! Staff is working hard to assess &amp; repair #boulderflood damage http://t.co/Ye6RhGBU55,NotEyewitness
Thanks @CUBoulder for excellent communications to CU parents during the #coflood.,NotEyewitness
RT @cote14er: Hwy 119 between Longmont and I-25 is open. Cut off about 20 minutes from my drive this morning. #COFlood,Eyewitness
RT @denverpost: Larimer County officials say number of people unaccounted for in #COflood has dropped to 60: http://t.co/OhtuTT6M8X,NotEyewitness
"Boulder County officials say another person has been found dead from the Colorado floods,... http://t.co/d7NHZyUjAv #Denver #Colorado",NotEyewitness
Colorado Flooding: Nebraska's Platte River Next in Line for Flood Surge http://t.co/D48bgNpHSi #COM #Mexico #NationalWeatherService,NotEyewitness
"RT @frackfree: More oil spills from #Colorado flooding as high water delays cleanup (#EnergyInDepth: Nothing here, move along...) http://‚Ä¶",NotEyewitness
VOLUNTEERS NEEDED TODAY at 2p for clean up in Boulder. Full info at: http://t.co/BqjfKr8jar #boulderflood,NotEyewitness
#MinutePostBiz Roads in Northern Colorado Reopen as Floods Recede via ABC News http://t.co/0YHFiE1Jaf,NotEyewitness
The water under the Boulder Creek/Broadway underpass silted up #boulderflood #aftermath @ Boulder Creek http://t.co/T3Xm9SstMs,NotEyewitness
Roads in northern Colorado reopen as floods recede http://t.co/nNLWBRuPva,NotEyewitness
EcoWater Reviews Pure Drinking Water After Colorado Floods: EcoWater reviews strategies that... http://t.co/Q8Gw8ZXPzZ #drinkingwater,NotEyewitness
"RT @NatGeo: 1,900 oil and gas wells have been shut down in wake of Colorado's floods: http://t.co/8Nohd8qEIA",NotEyewitness
"RT @YourAnonNews: 5,250 gallons of oil spills into the Platte river from Anadarko tank damaged by #COflood http://t.co/4WkeGzVrif",NotEyewitness
They come from home to help.. #boulderflood http://t.co/mScdmqRcLG,NotEyewitness
I liked a @YouTube video http://t.co/TA3nEZptZ4 Colorado Flooding is All Manmade,NotEyewitness
9NEWS special presentation - Colorado Floods: The Road Ahead is on now. WATCH LIVE:  http://t.co/jjPd8fSbYA #9NEWS #cofloods,NotEyewitness
Breaking News: #Denver Colorado floods: Service providers working with customers http://t.co/iuuqsf28lN,NotEyewitness
RT @lieml: @joerogan At least two large oil spills have been confirmed in the wake of Colorado's historic floods -http://t.co/uz7jBWg5hE,NotEyewitness
"Have Colorado's Floods Unleashed An Oil And Gas Disaster? Um, No. - Forbes http://t.co/f3hGUAsOt7 must  secure wells in flood plain",NotEyewitness
@dailycamera local assistance from neighbors @DonateBoulder #boulderflood #COflood #MakingADifference,NotEyewitness
RT @ColoradoDOT: #coflood CDOT opened 7 highways between yesterday &amp; today following flood repairs thanks to maintenance crews &amp; contractors,NotEyewitness
@NASALADEE I heard LDEX came on after a brief delay due to the flooding in Colorado (LDEX's home institution). Way to go guys!,NotEyewitness
"Flooded Colorado to get heavy rain: Flooding has stranded thousands, cut towns apart, ripped out roads andyE184Rhmgcrd6QaYI3FC",NotEyewitness
Right Wing Minister Claims Colorado Floods Due To Homosexuality And Abortion (AUDIO) http://t.co/n8PTw2U7ys,NotEyewitness
"1,200 People Missing as Devastating Floods Continue in Colorado - Flood Waters Rising: Situation Worsens in... http://t.co/ih9u1tDM5B",NotEyewitness
RT @femaregion8: Mold is the scourge of flood cleanup. This 8-pg brochure can truly help: http://t.co/VhBHqJBDvq  #COflood,NotEyewitness
RT @denverpost: Colorado's September floods will likely join ranks of $1 billion plus http://t.co/FDCBRsha2t via @AldoSvaldi #COFlood,NotEyewitness
RT @trentonsperry: Looks great. RT @dailycamera: Today's front page. Special report on #BoulderFlood of 2013 http://t.co/Fgv6jWPICu http://‚Ä¶,NotEyewitness
Colorado flooding puts oil and gas wells underwater http://t.co/EIThmCgQCO,NotEyewitness
"RT @AmeriCares: In hard hit Sterling, #Colorado, where the water system is compromised by flooding, there's an urgent need for... http://t.‚Ä¶",NotEyewitness
"#Colorado floods triggered by convergence of geography and climate, experts say http://t.co/LZ2IaZNcf4",NotEyewitness
RT @cwood: .@VisitEstesPark recovering impressively from #COflood. This weekend I stayed at the @StanleyHotel and ate at @TheGrubsteak &amp; @T‚Ä¶,Eyewitness
Maps can help us learn about disasters such as the flooding in Colorado. Check out the story maps of flooding... http://t.co/cbV2vJ2R6o,NotEyewitness
At least 350 people still missing in Colorado flooding; five dead -  TweetTweetEmergency workers are undertaking... http://t.co/cFvkFoEUSJ,NotEyewitness
Where the hell is my brother? RT @BoulderFlood: Thank you CU Lacrosse team for volunteering! @CULax http://t.co/mH88EKv2XS #boulderflood,Eyewitness
"Work has begun on US 36 between Lyons and Estes Park, for restricted access information read more here http://t.co/efzv9zpuGq #boulderflood",NotEyewitness
"RT @CBSDenver: #WhiteHouse announces VP Joe Biden will visit #COFlood areas Monday, speak in Greeley w/ Gov. Hickenlooper &amp; FEMA's Fugate i‚Ä¶",NotEyewitness
PHOTOS: tour shows u.s. hwy. 36 damage from colorado floods near lyons. #coflood #cowx http://t.co/Q7jMvKTFKe,NotEyewitness
RT @dailycamera: Fears remain about missing homeless in #Boulder County following flood http://t.co/w7YGDLtch3 #boulderflood,NotEyewitness
"RT @boulderoem: If you lost important documents in the flood, we have resources to help replace them: http://t.co/nWBFmVJzWC #boulderflood",NotEyewitness
Builders and soldiers hustle to reconnect #Colorado towns after flooding http://t.co/g8iewI4WAm,NotEyewitness
RT @reedtimmerTVN: Beautiful picture of dusting of #snow in #Colorado mountains from yesterday after tragic flooding‚Ä¶ http://t.co/pgkep9Park,NotEyewitness
RT @FrackNo: Colorado Flooding Triggers More Oil and Gas Spills http://t.co/Kbv1miQRpv @NYGovCuomo NY floods too #DontFrackNY (thanks),NotEyewitness
"To all the Colorado cities that didn't vote yes for amendment 64, maybe you should rethink that! We need the revenue!  #COschools #COflood",NotEyewitness
#2030NOW People losing homes in Colorado didn't have flood insurance because they had never experienced #floods. #climatechange,NotEyewitness
THIS JUST IN: Officials say 79-year-old woman found dead in Colorado flood; death toll reaches 8. / via @AP #COflood,NotEyewitness
RT @green_peace: PHOTOS: Flooding in Colorado sparks concern about flooded oil and gas tanks http://t.co/fsYMHT6PVx,NotEyewitness
MSN„Åï„Çì„Åã„ÇâRT:„ÄÄOnly six people are still unaccounted for in Colorado floods http://t.co/rJIudQDQOJ„ÄÄ„ÄÄ09Êúà24Êó•3ÊôÇ07ÂàÜÂè∞„ÅÆ„Éã„É•„Éº„Çπ„Åß„Åó„Åü,NotEyewitness
Thank you @BallCorpHQ for donating $1M to flood relief! #coflood | Boulder County Business Report http://t.co/KZL8G7AEHs,NotEyewitness
Colorado Flooding Before And After Photos http://t.co/M3pDj7xayu,Eyewitness
RT @Shangaboy: Body of 79-year-old floods victim found beside Colorado river http://t.co/W1IuuJgUUF,NotEyewitness
"#BreakingNews Drake man previously called missing, presumed dead in #COFlood by @LarimerSheriff was found alive. http://t.co/QnvNFXONuY",NotEyewitness
RT @classyawards: Help @TeamRubicon help those affected by the #COflood donate here: http://t.co/wMPJxxfpSq  #veterans #militarymonday,NotEyewitness
RT @lafloran: Colorado Flooding Before And After Photos http://t.co/zUEvLqZ0zU via @HuffingtonPost,NotEyewitness
"VP Joe Biden: If government shuts down, FEMA will still deliver aid  http://t.co/f6ziNN0z6O via @denverpost @finleybruce #coflood",NotEyewitness
RT @YourAnonNews: #COflood Triggers More Oil &amp; Gas Spills http://t.co/hrfXtsuXAb Primary sources on this: @bigreddog1934 &amp; @fractivist http‚Ä¶,NotEyewitness
Colorado Republicans didn't feel the need to vote for federal disaster relief funds.  Then the floods came.... http://t.co/dEy6gTNQge,NotEyewitness
RT @GreenboxStorage: @WestwordStreet We're giving free storage to victims of the #COFlood Will you help spread the word? #COFloodRelief htt‚Ä¶,NotEyewitness
RT @thekitchwitch @MadGreens @AnthonysPizza @BWWings #longmontflood . Thank you for your generous support of victims of #COflood.,NotEyewitness
@athleticone01 Very insensitive with all the flooding in Colorado.,NotEyewitness
"RT @YourAnonNews: Meet the 4 Colorado republicans who voted against #Sandy aid, but now want aid for #COflood http://t.co/ntS5cTmGOz",NotEyewitness
"RT @RollingStone: Serious flooding threatens Colorado's 50,000 controversial oil and gas wells: http://t.co/MwfHoKfP09",NotEyewitness
RT @deneuchre: Thanks to @espn for your comments about #COFlood and #redcross,NotEyewitness
Sqwerl ResQte In Colorado: We‚Äôve all read about the bad flooding in Colorado. It‚Äôs taken a terrible toll on ho... http://t.co/VJBegBpoQU,NotEyewitness
EQECAT: Colorado Floods $2B in Economic Losses and Climbing http://t.co/wekVATgYTF,NotEyewitness
VP Biden speaking with a #COflood survivor in Greeley (9/23) http://t.co/qWVTtf7mkm,NotEyewitness
We wonder how much wildlife is affected by the Colorado flooding. http://t.co/8oSF75JIye,NotEyewitness
At least 18 oil spills resulted from Colorado flooding http://t.co/kZF6dtsQk9,NotEyewitness
Breaking News: 4 more found alive and well after Colorado floods http://t.co/ZY7SD9KtKQ,NotEyewitness
@ijournal #Energy Industry Liability #Insurance May Cover Contamination Claims From Colorado #Flooding http://t.co/HBVooUg9OO @Dickstein_LLP,NotEyewitness
Floods may forever change funky Colorado towns,NotEyewitness
"RT @femaregion8: For immediate, short-term #COflood legal assistance, go to http://t.co/NWJuzVkwPn, or call toll-free 855-424-5347. @FEMA",NotEyewitness
RT @truthmashup: 3 more oil spills from flooding found in Colorado. http://t.co/ETXMJ2Tm37 #oilspill #oil #uspoli #p2,NotEyewitness
More Spills Reported In Wattenberg Oil Patch Following Colorado Flooding http://t.co/JgjfDHsBD6 via @HuffPostGreen -- @globol10 !!,NotEyewitness
"Lots of resources to help residents with flood recovery efforts on our website. Visit http://t.co/mBL9iCzo55. #WaldoFlood, #COflood",NotEyewitness
"RT @FreysingerMazda: #Mazda announced two donations totalling $40,000 to support relief efforts for disasters such as the Colorado flooding.",NotEyewitness
News: 3 more oil spills from flooding found in Colorado - Denver Post http://t.co/yh7M,
