RT @FUNVISIS: #Sismo:2012/11/06 14:24 (HLV), Mag. 3.1 Mw, a 28 Km al suroeste de San Cristobal (7.536 N,-72.322 W), prof. 16.6 Km	NotEyewitness
@FUNVISIS: #Sismo:2012/11/06 14:24 (HLV), Mag. 3.1 Mw, a 28 Km al suroeste de San Cristobal (7.536 N,-72.322 W), prof. 16.6 Km	NotEyewitness
buenos dias con ese #temblorgt	NotEyewitness
RT @tcsnoticias: Sismo fue sensible en la capital de Guatemala	NotEyewitness
Fuerte sismo sacude Guatemala, M√©xico y buena parte de Centroam√®rica.	NotEyewitness
Preliminar 6.35  del #sismo que se sintio hace unos momentos en el DF m	NotEyewitness
RT @amigosderafa: #sismo #Xalapa #Veracruz con precauci√≥n y tranquilidad por favor	NotEyewitness
RT @uhprensagrafica: Sismo de 7.5 grados Richter es registrado en Champerico, Guatemala a las 10:35 a.m. http://t.co/V6oIBnrE	NotEyewitness
RT @SkyAlertMx: Al parecer el sismo fue en la frontera con Guatemala. 7.5 es el nuevo preliminar. #SismoEnVivo	NotEyewitness
RT @CNNMex: Un #temblor de 7.3 grados con epicentro en #Chiapas se siente el sur de #M√©xico, #Guatemala y El #Salvador  http://t.co/92nCUNEi	NotEyewitness
RT @CNNEE: El #sismo de #Guatemala tambi√©n sacudi√≥ #ElSalvador y #M√©xico: http://t.co/yDRsOrLf	NotEyewitness
Impactantes im√°genes de la devastaci√≥n luego del temblor #TemblorGT http://t.co/l59X7nde	NotEyewitness
El #sismo de #Guatemala tambi√©n sacudi√≥ #ElSalvador y #M√©xico: http://t.co/vZSVoCCY	NotEyewitness
RT @inocarec: #Sismo en #M√©xico de 7.5 grados, no provoca alerta de #tsunami para costas de #Ecuador y #Gal√°pagos.	NotEyewitness
RT @Luisaa_Madrid: ¬øQui√©n sinti√≥ un aguadamiento con el #TemblorGT? √ú/	Eyewitness
RT @INFORMADORCHILE: Sismo se percibe en mexico y Guatemala al momento no hay heridos 7,5 Ricther	NotEyewitness
RT @adnradiochile: Seg√∫n la USGS un sismo de 7,5 Richter sacudi√≥ Centroam√©rica frente a Guatemala. El Sismol√≥gico de M√©xico lo cifr√≥ en  ...	NotEyewitness
RT @CNNEE: ¬øAlguno de nuestros usuarios en #Guatemala, #ElSalvador o #M√©xico sinti√≥ el sismo de 7,5? Comparte tus impresiones: http://t. ...	NotEyewitness
Sismo en Guatemala, ¬øEsta bien toda mi gente de esa zona?	NotEyewitness
El epicentro del #sismo que sacudi√≥ a la Ciudad de M√©xico fue ubicado a 45 km de la poblaci√≥n guatemalteca de Champerico	NotEyewitness
RT @Falsonrisa: No fu√© #TemblorGT, es que los mayas est√°n bailando el Gangnam Style.	NotEyewitness
TERREMOTO EN GUATEMALA 7,5 NO HAY ALERTA DE TSUNAMI PARA LAS COSTAS DEL PASIFICO	NotEyewitness
RT @cristiandavid7: Con este #TEMBLORgt es bueno tomar unos #TragosDeCusha	NotEyewitness
Recuerden que pueden reportar da√±os a inmuebles por el #sismo en esta cuenta lo pueden hacer.	NotEyewitness
RT @tvnpanama: Sismo sacude a M√©xico, se siente en Guatemala y El Salvador  http://t.co/88rR0s5h  #internacionales	NotEyewitness
RT @BluradioCo: Sismo de magnitud 7,5 en Centroam√©rica  se sinti√≥ en M√©xico, Guatemala y El Salvador. #Ma√±anasBLU	NotEyewitness
RT @Hiper_Paiz: Los mayas estan bailando el ¬°OPPA GANGNAM STYLE!  #TemblorGT	NotEyewitness
Los sismos generan muchas evacuaciones, hasta en Dodo... Chiales, qu√© fuerte!!! #Sismo 6.3 en el #DF...	NotEyewitness
RT @MARN_Oficial_SV: Sismo Hora local 10:35 a.m.Latitud 13.9Localizaci√≥n Frente a costas de Guatemala, Profundidad 33.0Km Magnitud 7.5 I ...	NotEyewitness
Vivo cerca del epicentro y nadie me pregunta c√≥mo estoy, ni me quieren culeros. #sismo	Eyewitness
Un sismo de 7,5 grados en la escala de Richter se registr√≥ en Guatemala. El movimiento s√≠smico tambi√©n se sinti√≥ en M√©xico.	NotEyewitness
RT @PabLara: Impactantes im√°genes de la devastaci√≥n luego del temblor #TemblorGT http://t.co/l59X7nde	Eyewitness
RT @biobio: SHOA descarta tsunami en las cosas de Chile tras fuerte sismo en M√©xico y Guatemala http://t.co/tsiyCQOd	NotEyewitness
@mananeroslared  hola debido al terremoto en Mexico, Guatemala y en gran parte de Centro America se pronostica algun sismo para Chile?..Slds	NotEyewitness
RT @UnivisionSATX: Se registro terremoto de 7.4 en la costa de Guatemala y hay reportes de da√±os y heridos. Tambien la CD. de M√©xico reg ...	NotEyewitness
RT @Facso: Guatemala reci√©n nos ha dado a: Ricardo Arjona, el asesinato de Facundo Cabral y un terremoto de 7.3. Propongo su expulsi√≥n d ...	NotEyewitness
@CesarArcano  Est√° vez sal√≠ sin correr, sin gritar y sin empujar, voy mejorando. #sismo	Eyewitness
Ese #temblorgt me hasta el sue√±o me quito!! jajaja....	Eyewitness
RT @CNNEE: El sismo de 7,5 en #Guatemala se produjo a las 10:37 am y tuvo una duraci√≥n de m√°s de 30 segundos seg√∫n las autoridades http: ...	NotEyewitness
RT @CajaVacia_: Tranquilos, no se preocupen por el temblor... es Goku entrenando para su regreso en el 2013. #TemblorGT http://t.co/NwGGAs7E	NotEyewitness
RT @NetasMx: #Temblor! Los Mayas te han enviado un Toque!! http://t.co/SamRiq6K #Sismo	NotEyewitness
RT @LISUCR: Impresionante registros del terremoto de Guatemala en las estaciones acelerogr√°ficas del LIS. El m√°ximo est√° en... http://t. ...	NotEyewitness
RT @EJerezESPN: Me dicen que el temblor tambi√©n se sinti√≥ en Guatemala y Honduras. #Solidaridad con todos.	NotEyewitness
RT @Sebastian2valle: Impactantes im√°genes de la devastaci√≥n luego del temblor #TemblorGT http://t.co/0JQmbnJT	NotEyewitness
#ALERTA | Reportan que en San Marcos al occidente de #Guatemala hay viviendas desplomadas por sismo.	NotEyewitness
segun el sismologico fueron 2 temblores uno en chiapas y otra en rio grande ... sera por que es miercoles 2x1 ?? #temblor #sismo	NotEyewitness
RT @El_Universal_Mx: #SISMO Reportan dos temblores: el primero de 7.3 en #Chiapas y el segundo de 6.3 en #Oaxaca. http://t.co/8PyEMTRy	NotEyewitness
RT @REFORMACOM: Edificios, como el de San L√°zaro, fueron evacuados tras el #sismo de 6.3 grados http://t.co/hyZR0X4t http://t.co/db9Rc6hD	NotEyewitness
2 sismo en menos de una hora uno confirmado de 7.3 en chiapas y  en guatemala y el otro de 6.3	NotEyewitness
RT @Llourinho: ¬°√Ånimo Guatemala, M√©xico y El Salvador! RT @CNNEE: El #sismo de #Guatemala tambi√©n sacudi√≥ #ElSalvador y #M√©xico	NotEyewitness
@SismologicoMEX: HASTA EL MOMENTO NO SE REGISTRAN VICTIMAS FATALES DEL SISMO D 7.3 #GUATEMALA #EDOMEX #MEXICO #CHIAPAS #GUERRERO #OAXACA #DF	NotEyewitness
RT @tweet_quake: RESUMEN. Fuerte sismo de magnitud 7.4 frente a las costas de Guatemala sacude intensamente M√©xico y el Salvador, sin vi ...	NotEyewitness
RT @CruzRojaInforma: URGENTE: SEIS HERIDOS HASTA EL MOMENTO EN GUATEMALA TRAS FUERTE SISMO (Reporta @Wikisismos) #CruzRoja	NotEyewitness
RT @ElNacionalWeb: Sismo de 7,3 afect√≥ a M√©xico, Guatemala y El Salvador http://t.co/v8rCJpQw	NotEyewitness
¬ø Alguien sinti√≥ el #sismo? Seg√∫n @SismologicoMX fue de 7.3 grados... y yo no sent√≠ nada	NotEyewitness
RT @JelipeCalderron: Ese #temblor destruyo toda #Guatemala, se ve toda madrea‚Ä¶ ah, ¬øya estaba as√≠ de culera antes del temblor?	NotEyewitness
#Sismo de 7,33 grados Richter sacude el sureste de M√©xico http://t.co/a6ELithX	NotEyewitness
Este temblor tuvo epicentro en M√©xico, pero se Siento en Guatemala. Honduras, Salvador y Costa Rica!	NotEyewitness
RT @TelemundoNews: Servicio Sismol√≥gico de Estados Unidos reporta que profundida de temblor al sur suroeste de #Guatemala fue de 41 km.	NotEyewitness
RT @el_Periodico: Sismo ocurrido en Guatemala en el a√±o de 1976 fue de la misma magnitud; 7.5 grados en la escala de Richter. #TemblorGt	NotEyewitness
El sismo de 7.5 Grados que ocurri√≥ en Guatemala ha Producido da√±os materiales casas desplomadas seg√∫n los Medios. #Caracas #Maracaibo #Peru	NotEyewitness
RT @DFinanciero: AHORA | SHOA descarta tsunami para costas de Chile a ra√≠z del sismo de magnitud 7.4 Richter registrado en Guatemala hac ...	NotEyewitness
RT @NTN24: #UltimaHora Sismo de magnitud 7.5 sacude M√©xico, Guatemala y El Salvador http://t.co/CRA2K2wZ	NotEyewitness
@alekimi Sismo de magnitud 7.5 en Frente a costas de Guatemala [nov 07, 2012 10:35:00] http://	NotEyewitness
RT @Telediariogt: @CNNEE: El USGS reduce a 7,4 la magnitud del sismo en #Guatemala: http://t.co/l2KKnbym	NotEyewitness
RT @CruzRojaInforma: En #Guatemala si hay casas caidas por sismo, #CruzRoja atendiendo reporte de heridos (Informa @AlfredoAlvarezz)	NotEyewitness
Tiembla el Suelo porque yo, te miro sin querer verte #TemblorGT	NotEyewitness
RT @OroNoticias: REPORTE El USGS informa: Sismo de 7.4 grados  en Champerico, #Guatemala  http://t.co/SEce3v8J	NotEyewitness
RT @lndirecto: Sismo de 7.5 grados. Pa√≠ses afectados Guatemala, El Salvador y M√©xico. Esperando no se encuentren da√±os y que todos esten ...	NotEyewitness
RT @EFEnoticias: #Sismo de 7,33 grados Richter sacude el sureste de #M√©xico http://t.co/FEIVnSBr	NotEyewitness
RT @CIMATCHILE: TERREMOTO : con magnitud de 7.5 con epicentro en la costa entre Chiapas y Guatemala. http://t.co/hPImPLUk	NotEyewitness
RT @El_Oloroso_Pete: Jenny Rivera se cay√≥ de la cama, tomen sus precauciones #sismo #temblor.	NotEyewitness
Ahora terremoto en Guatemala,que esta pasando con nuestro planeta Dios Mio!!	NotEyewitness
RT @CarlosMartinH: Empiezan a salir cifras por temblor : 6 heridos en Guatemala . via @CruzRojaInforma	NotEyewitness
RT @OJGuatemala: PresidenteOJ: Se suspenden las actividades en la Torre de Tribunales por el d√≠a de hoy. #TemblorGt	NotEyewitness
‚Äú@sonora969: PresidenteOJ: Se suspenden las actividades en la Torre de Tribunales por el d√≠a de hoy. #TemblorGt‚Äù webones solo excusas son!	NotEyewitness
RT @AztecaNoticias: El centro de alerta de Tsunami de Estados Unidos emite alerta de Tsunami para Chiapas y Guatemala tras sismo http:// ...	NotEyewitness
RT @huracanconagua: P: #sismo de 7.5 grados de magnitud, en costas de #M√©xico, #Guatemala y El Salvador en el  #Oc√©anoPac√≠fico	NotEyewitness
RT @Osirisdleon: La prensa piensa en tsunami en las costas de Guatemala y M√©xico, pero un sismo de 7.4 a 26 millas de profundidad no pro ...	NotEyewitness
RT @chopsuey_1990: Tembl√≥ en Guatemala reportan que por el momento no hay v√≠ctimas ni da√±os tras el sismo de 7,5 grados	NotEyewitness
RT @Hiper_Paiz: ¬øTe asusto el  #TemblorGT? Todos los huevos los ponemos al 3x2 ¬°APROVECHA!	NotEyewitness
RT @metmex: Comienzan a reportarse da√±os a estructuras en Guatemala por el sismo de magnitud 7.4 ocurrido fuera de las costas de ese pa√≠ ...	NotEyewitness
RT @noticiAmerica: [ACTUALIZACI√ìN] Terremoto de 7.5 grados sacude a Guatemala, M√©xico y El Salvador http://t.co/3PiaO0xq	NotEyewitness
#SISMO Reportan temblor de 4.29 en Tapachula. Activa SSP-DF fase de auxilio por sismos     http://t.co/7NM5TOEB	NotEyewitness
RT @LuisOmarTapia: Como esta todo por Guatemala tras el sismo???	NotEyewitness
Efrain Gonz√°lez nos env√≠a esta imagen de los da√±os en una escuela en San Marcos. #TiemblaenGuate. http://t.co/Bb3RdM6x@fdelrinconCNN	NotEyewitness
RT @lapatriagrande: #terremoto de magnitud 7.3 sacude la costa de #Guatemala: se sinti√≥ en #Mexico y #Honduras http://t.co/CIaXmKMm @rep ...	NotEyewitness
RT @elmundoes: AMPLIACI√ìN: Un terremoto de magnitud 7,5 sacude la costa del Pac√≠fico de Guatemala http://t.co/36QSCa6J v√≠a @elmundoes	NotEyewitness
RT @PamelaPaz_: Mientras unos hacen bromas con el sismo en Guatemala, otras familias afectadas lloran y ME CONSTA.  #QueMal	Eyewitness
RT @Noti7Guatemala: Sismo de 7.5 grados. Hay alerta de Tsunami en el pac√≠fico. Sensible en Guatemala, El Salvador y M√©xico.	NotEyewitness
Usuarios registran la ca√≠da de l√≠neas telef√≥nicas, falta de luz y el derrumbe de una casa por el sismo en #Guatemala http://t.co/uhw3qsNy	NotEyewitness
RT @CNNEE: Usuarios registran la ca√≠da de l√≠neas telef√≥nicas, falta de luz y el derrumbe de una casa por el sismo en #Guatemala http:/ ...	NotEyewitness
Ni siquiera sent√≠ el #Sismo	NotEyewitness
RT @PicachuMarero: Otra impactante imagen de la devastaci√≥n que dej√≥ el #TemblorGT http://t.co/vstyimze	NotEyewitness
RT @UnaIndecente: No me quiero reir de sus chistes de el #TemblorGT pero ustedes no me dejan.	NotEyewitness
Orando por #Guatemala ... Dios quiera que todos mis familiares y amigos est√©n bien... Pensando en ustedes !!	NotEyewitness
RT @eluniversocom: Fuerte #sismo remece Guatemala y El Salvador.  http://t.co/gz0sEAE2	NotEyewitness
RT @KarlaMartinezTV: RT ‚Äú@PrimerImpacto: Fuerte sismo en Guatemala, El Salvador y M√©xico : http://t.co/PGQdg6d5‚Äù	NotEyewitness
RT @iMeQuemo: El sismol√≥gico nacional p√∫blico la primera imagen del #temblor de 7,5 grados Richter en Guatemala. ¬°DESASTRE TOTAL! http:/ ...	NotEyewitness
RT @EmisorasUnidas: Este es el panorama de la ruta a Santa Mar√≠a Quetzaltenango, en donde varias piedras cayeron por el #sismo: http://t ...	NotEyewitness
@pentarojo: Fotografia de da√±os del sismo en Guatemala  en la cuidad de San Marcos foto cortesia de  Nixon Vazques http://t.co/MozlhUHB	NotEyewitness
RT @Madridismou: Espero que toda la gente de Guatemala se encuentre bien y no sufra da√±os por el temblor. #√ÅnimoGuatemala	NotEyewitness
RT @NuestroDiario: Dixon V√°squez desde San Marcos manda estas im√°genes de una pared que cay√≥ sobre unos veh√≠culos. #TiemblaenGuate http: ...	NotEyewitness
RT @transformafilms: Oremos por la amada Guatemala pues acaba de haber terremoto hay muertos y da√±os!	NotEyewitness
RT @sonora969: Presidente Otto P√©rez declara alerta roja en toda Guatemala por terremoto.	NotEyewitness
RT @T13Noticias: Presidente Otto P√©rez Molina declara alerta Roja en toda Guatemala por sismo.  Indica que hay posibilidad de r√©plicas.	NotEyewitness
A las 10:35 √∫ltimo sismo sentido la magnitud de 7.5 en las costas de Guatemala	NotEyewitness
Terremoto sacude m√©xico, Guatemala y el Salvador. Alerta de tsunami para la costa pac√≠fica.	NotEyewitness
RT @ChaconDrums: Impactantes im√°genes de lo que ocasiono el devastador #Temblor #TemblorGT http://t.co/vdxqU9cb	NotEyewitness
RT @uhprensagrafica: ‚Äè@ConredGuatemala declara alerta roja departamental en San Marcos #Guatemala #SismoGT	NotEyewitness
Fotografia de da√±os del sismo en Guatemala en la cuidad de San Marcos http://t.co/KVXLbsXj @karlabaso que tu familia se encuentre bien	NotEyewitness
RT @PuchikaMucha: Presidente Otto P√©rez Molina declara alerta Roja en toda Guatemala por sismo  #TemblorGT	NotEyewitness
RT @radioyskl: Reporta La Red de Guatemala Fue afectada la ciudad de San Marcos por el fuerte sismo http://t.co/JjG43Zaj  http://t.co/l ...	NotEyewitness
RT @MARN_Oficial_SV: Ubicaci√≥n de sismo registrado frente a costas de Guatemala http://t.co/JWC2JCDr	NotEyewitness
RT @SismologicoMEX: #SISMO NO se estacione junto a postes, edificios u otros elementos que presenten riesgos. #MEXICO #DF #EDOMEX #CHIAP ...	NotEyewitness
RT @Milenio: FOTO: Reportan da√±os materiales en Guatemala despu√©s del sismo http://t.co/629Zm7Jz (v√≠a @elgato_felikz )	NotEyewitness
RT @PecadorEnLinea: Guatemala en alerta roja por sismo hay muertos. El Salvador y Nicaragua alerta de Tsunami. Pendientes y tranquilidad	NotEyewitness
RT @Paola_Rojas_H: @NTelevisa_com: Reportan una persona muerta tras sismo de 7.2 grados en Guatemala; hay viviendas con da√±os.	NotEyewitness
RT @yachoque: #SabiasQue los #seguros cubren los da√±os a tu #auto por #SISMO a√∫n con cobertura limitada  @Foro_TV @TapiaFernanda @martha ...	NotEyewitness
RT @amigoperu76: Guatemala: Al menos 40 casas se han derrumbado en San Marcos tras fuerte sismo. Se reportan tres personas fallecidas.	NotEyewitness
RT @SismologicoMEX: #SISMO Efect√∫e con cuidado una completa verificaci√≥n de los posibles da√±os de la casa.#CHIAPAS #MEXICO #DF #EDOMEX # ...	NotEyewitness
RT @pentarojo: Medios internacionales manejan como Terremoto el sismo ocurrido en Guatemala !	NotEyewitness
RT @NoticiasRCN: Al menos tres muertos por fuerte terremoto en Guatemala. Unas 40 casas se desplomaron en San Pedro Sacatep√©quez, depart ...	NotEyewitness
Sismo de 7,3 afect√≥ a M√©xico, Guatemala y El Salvador: Un fuerte sismo de 7.3 sacudi√≥ el‚Ä¶ http://t.co/iruIzz9E	NotEyewitness
Despu√©s de tan fuerte sismo,deseo que todos se encuentren bien en M√©xico y Guatemala,los estados de Oaxaca, Chiapas y en DF.Estar pendientes	NotEyewitness
Sismo de magnitud 7.3 frente a costa de M√©xico y Guatemala: El Servicio Sismol√≥gico Nacional de M√©xico, i... http://t.co/1caYns4Z #NTN24	NotEyewitness
Hubo terremoto en mexico y guatemala...bendiciones para ellos!!!	NotEyewitness
@cnndirdtousa Estamos siguiendo el temblor en Guatemala.Gracias por su informaci√≥n desde El Salvador	NotEyewitness
RT @CNNEE: El presidente de #Guatemala habla en estos momentos con @CNNEE sobre la situaci√≥n por el sismo de 7,4 http://t.co/yDRsOrLf	NotEyewitness
RT @jgutierrez_gt: nueva oportunidad presentada. Dios habla a tiempo y fuera de tiempo #TemblorGT #TerremotoGT	NotEyewitness
RT @CNNEE: El presidente de #Guatemala dice que hay alerta de tsunami, viviendas totalmente destruidas y eval√∫an posibles muertes http:/ ...	NotEyewitness
P√°nico en Guatemala por sismo de 7,5 grados Richter http://t.co/x0syrqiU	NotEyewitness
@la_informacion YA SON 15 MUERTOS EN GUATEMALA Y M√ÅS DE 100 DESAPARECIDOS POR FUERTE SISMO SEGUN GRUPOS DE SOCORRO.	NotEyewitness
RT @idlikesometea: El sismol√≥gico nacional informa que el temblor en Chiapas y Guatemala fue de 7.3 grados richter. AMLO dice que √©l tie ...	NotEyewitness
10 muertos en Guatemala tras sismo de 7.5.	NotEyewitness
RT @teleSURtv: Se registra fuerte sismo en #Guatemala	NotEyewitness
RT @BrujoBarbujo: Que feo, miren como quedo en SAN MARCOS, GUATEMALA despu√©s del sismo de 7.5 en la escala de Richter :( http://t.co/MSI ...	Eyewitness
RT @mariozelayach: En Totonicap√°n, Guatemala; se reportan paredes ca√≠das por el #sismo. http://t.co/ScpTJW0d @teledos_tcs	NotEyewitness
@CNNEE: ¬øSentiste el sismo en #Guatemala, #M√©xico y #ElSalvador? // ¬øQue pas√≥ con la alarma para los sismos? @MundoITAM @SomosItamitas	NotEyewitness
RT @lanacioncom: Fuerte terremoto de 7,5 grados sacudi√≥ El Salvador, Guatemala y M√©xico http://t.co/PNcq8bxW	NotEyewitness
RT @palabrasvida: Sismo de 7.4 en costas de Guatemala. La mano de Dios este con ellos, d√°ndoles fortaleza. Nuestra solidaridad con... ht ...	NotEyewitness
RT @N0RTHWEST: #temblor #Sismo #Tsunami ALTO OLEAJE se registra en las costas de...... FALSA ALARMA.. ya sabemos la causa.. http://t.co/ ...	NotEyewitness
Fuerte terremoto de 7,5, escenas de p√°nico en El Salvador, Guatemala y M√©xico http://t.co/XCgk3Ikm	NotEyewitness
RT @NuestroDiario: Compartimos esta imagen, en los supermercados se cay√≥ el producto de las estanter√≠as por el sismo. #TiemblaenGuate ht ...	NotEyewitness
noticias sobre el terremoto que afecto Guatemala, M√©xico y El Salvador http://t.co/SPNipsJn	NotEyewitness
RT @TonyMichoacan: 40 CASAS DESPLOMADAS Y AL MENOS 3 MUERTOS EN GUATEMALA FRONTERA CON M√âXICO, POR SISMO DE 7.3 GRADOS.	NotEyewitness
RT @felixvictorino: ACTUALIZANDO El temblor fue de 7.5 #Guatemala est√° sin comunicaci√≥n telef√≥nica, se cayeron todas las l√≠neas	Eyewitness
RT @TerraNoticiasES: [√öltima hora] Nicaragua emite una alerta de tsunami por el se√≠smo en Guatemala #terremoto	NotEyewitness
FOTOS: Primeras im√°genes de tuiteros tras terremoto en Guatemala http://t.co/C22eOybs	NotEyewitness
RT @denunciaNOcayes: Desde el terremoto del 4 febrero de 1,976, este es el sismo m√°s fuerte en nuestro territorio. AMIGOS DE #SanMarcos  ...	NotEyewitness
RT @AySii_AySii: Cuando sean sus casas las derrumbadas y sus familiares los fallecidos, a ver si se animan a hacer bromas. #TerremotoGT	NotEyewitness
RT @El_Universal_Mx: #SISMO Nicaragua emite alerta de tsunami. Hacen llamado a la poblaci√≥n para la movilizaci√≥n hacia las zonas altas.  ...	NotEyewitness
Jehovah Que se haga t√∫ voluntad .. #sismo.	NotEyewitness
RT @jfcalvillo: Dada la magnitud y los da√±os se ha oficializado Terremoto en Guatemala	NotEyewitness
Terremoto de 7,4 grados en San Marcos de Guatemala |:	NotEyewitness
Sismo de 7.2 en Guatemala, da√±os en algunos municipios, muertos, mas de 100 personas desaparecidas :( Dios nos cuide	NotEyewitness
RT @abelrera: En donde estuvo m√°s fuerte el temblor? En chiapas o guatemala? @TapaRecomienda @SoloenChiapas	NotEyewitness
¬øComo estan mis followers de Guatemala, Mexico y El Salvador tras el terremoto? ¬øEstan todos bien?	NotEyewitness
RT @PuchikaMucha: Pute O.o RT ‚Äú@el_Periodico: Usuarios reportan m√°s da√±os materiales en San Marcos. (Foto: Dixon Vasquez) | #TemblorGt h ...	NotEyewitness
RT @MichellitaPaz: Derrumbe en km 222 ruta de Xela a San Marcos #TemblorGt http://t.co/QfCKPVJI	NotEyewitness
RT @ActualidadRT: Se reportan por lo menos 40 casas derrumbadas en el departamento de San Marcos en #Guatemala debido al #sismo http://t ...	NotEyewitness
RT @CNNEE: Sismo de 7,5 en #Guatemala se produjo a las 10:37am, tuvo una duraci√≥n de m√°s de 30sg seg√∫n las autoridades http://t.co/FMk5kvuK	NotEyewitness
RT @CNNEE: El presidente de #Guatemala dice que hay alerta de tsunami, viviendas totalmente destruidas y eval√∫an posibles muertes	NotEyewitness
RT @CNNEE: Un iReportero nos envi√≥ un video del momento en que ocurri√≥ el sismo de 7,4 de magnitud en #Guatemala http://t.co/yDRsOrLf @p ...	NotEyewitness
Nicaragua emite alerta de tsunami tras el fuerte sismo en costas de Guatemala | RCN Radio http://t.co/ebTQfqcT v√≠a @rcnlaradio	NotEyewitness
RT @013pantera: @calbert57 Lo Que hizo el sismo en san marcos Guatemala. http://t.co/xLWnCrmG	NotEyewitness
Al menos tres muertos por fuerte terremoto en Guatemala	NotEyewitness
RT @adejorge: Se desploman casas y comercios en #Guatemala por #sismo http://t.co/NIKL922Z	NotEyewitness
#TemblorGt en el peor momento, cabal cuando me estaba ba√±ando O.O	Eyewitness
RT @ESPN_FDJ: Mandamos un fuerte saludo a todos en Guatemala esperando que todo este bien tras el temblor.	NotEyewitness
RT @ItsDileyJonas: RT si eres de Guatemala, El Salvador o Mexico y sentiste el temblor.	NotEyewitness
RT @wikisismos: URGENTE: Agencia Reuters confirma OCHO muertos tras el terremoto en Guatemala	NotEyewitness
#PorSiTeLoPerdiste Reporte tras #temblor en sitios como Chiapas y Guatemala, adem√°s de Oaxaca, Veracruz y Puebla http://t.co/wiOUi4CQ	NotEyewitness
Fuerza a Guatemala, Mexico &amp; El Salvador! #TerremotoGT	NotEyewitness
RT @DiosContigoEsta: Que DIOS guarde, proteja y bendiga a todas las personas de M√©xico, Guatemala y el Salvador debido al Sismo que hubo ...	NotEyewitness
RT @24HorasTVN: Impactantes im√°genes de destrozos tras #sismo 7,4 #Richter en #Guatemala. FOTOS: http://t.co/NJMaSxuQ	NotEyewitness
RT @Verastegui777: Oraciones por nuestros hermanos de Guatemala que acaban de sufrir un Sismo, unamos fuerzas y brindemos ayuda.	NotEyewitness
Fuerte Terremoto en el mar de Guatemala de 7.4 grados y a 41 km de profundidad http://t.co/Ap9X4pmv	NotEyewitness
RT @CNNEE: El sismo de 7,4 en #Guatemala habr√≠a causado v√≠ctimas fatales seg√∫n reportan medios locales citando fuentes oficiales http:// ...	NotEyewitness
RT @Mercy_Tanchez: Cuando sean sus casas las derrumbadas y sus familiares los fallecidos, a ver si se animan a hacer bromas. #TerremotoGT	NotEyewitness
@CNNEE: El sismo de 7,4 en #Guatemala habr√≠a causado v√≠ctimas fatales seg√∫n reportan medios locales citando fuentes oficiales	NotEyewitness
Creaciones se une en oracion por nuestra Guatemala y la familia de los fallecidos, soterrados y desaparecidos en el sismo 7.5!	NotEyewitness
Via¬ª @wikinoticias: URGENTE: Se estiman en 25 los muertos y hay decenas de atrapados bajo derrumbes tras terremoto en Guatemala	NotEyewitness
Nicaragua: lanzan alerta de tsunami tras terremoto de 7,4 grados en Guatemala: La tensi√≥n impera en Cen... http://t.co/Yjknvc9r ^ #Per√∫	NotEyewitness
Al menos tres muertos en San Marcos deja un fuerte terremoto en Guatemala http://t.co/vfYxe8bo	NotEyewitness
RT @PedrithoFCB: Espero que toda la gente en Guatemala est√© bien y no haya pasado nada grave por el sismo de hoy, igual para M√©xico y El ...	NotEyewitness
Sismo en Guatemala deja hasta el momento 3 muertos http://t.co/209p3d1M	NotEyewitness
El #sismo registrado hoy en Guatemala, ha sido el m√°s violento desde 1976.	NotEyewitness
RT @TelemundoNews: Presidente de #Guatemala informa que ya hay m√°s de 2 mil miembros del ej√©rcito en San Marcos ayudando a damnificados  ...	NotEyewitness
Bomberos de San Marcos (sur-occidente) reportan alrededor de 15 fallecidos y m√°s de 100 personas desaparecidas por terremoto en Guatemala	NotEyewitness
RT @El_Universal_Mx: #SISMO Suman 13 r√©plicas tras temblor de 7.3 grados: @SSNMexico. Las 4 r√©plicas m√°s importantes de 4.2, 4.0, 3.8 y  ...	NotEyewitness
Pdte de #Guatemala, @ottoperezmolina, pide a poblaci√≥n que evite zonas en las que que haya concentraci√≥n de gente por posibles r√©plicas.	NotEyewitness
RT @MimidelaRosa1: Que susto con el temblor mijos! Pero espero que la gente de Chiapas, El Salvador y Guatemala se encuentre bien. Rezo  ...	NotEyewitness
RT @MarioteleSUR: Se descarta Tsunami para costa de #Guatemala tras el sismo.	NotEyewitness
RT @PublimetroChile: Aumenta n√∫mero de muertos por terremoto en Guatemala: M√°s de 10 fallecidos ===&gt; http://t.co/dDZB5PrV	NotEyewitness
RT @AristeguiOnline: Reportan ocho muertos en Guatemala tras sismo de 7.2 grados http://t.co/ob1wEZ5A	NotEyewitness
Un fuerte terremoto de 7,3 deja al menos ocho muertos en Guatemala  http://t.co/NSe718mh v√≠a @el_pais	NotEyewitness
En la Cd de M√©xico se sinti√≥ un sismo,donde se sinti√≥ con mayor fuerza fu√© en Chiapas,Guatemala y aqui en El Salvador.	NotEyewitness
Terremoto en Guatemala!!! Varios muertos y al menos un ciento de desaparecidos	NotEyewitness
100 personas desaparecidas y 15 muertos por sismo en Guatemala, es ciertoo??! :O	NotEyewitness
Aumenta n√∫mero de muertos por terremoto en Guatemala: M√°s de 10 fallecidos http://t.co/iuAWC1WH	NotEyewitness
RT @JorgeGestoso: Guatemala:Terremoto d 7.5 grados deja hasta el momento por lo menos 3 personas muertos 100 desaparecidas 15 soterradas ...	NotEyewitness
RT @REFORMACOM: FOTOGALER√çA: Un sismo de 7.4 grados Richter sacudi√≥ Am√©rica Central y M√©xico, dejando al menos 10 muertos en Guatemala h ...	NotEyewitness
seg√∫n @EmisorasUnidas las ruinas de San Agust√≠n y Santa Clara, adem√°s el arco de Santa Catalina sufrieron da√±os estructurales #temblorGT	NotEyewitness
RT @NoelSchajris: leyendo en las noticias sobre el Temblor fuerte en Guatemala...toda la fuerza para la gente linda de alla......	NotEyewitness
RT @lexpineda: Al menos 3 muertos y 40 casas y 1 escuela destruidas por el temblor se reportan en San Marcos, Guatemala http://t.co/Xfe57I5Y	NotEyewitness
RT @Meganoticiascl: TRAGEDIA 15 fallecidos y m√°s de 100 desaparecidos deja sismo en Guatemala http://t.co/I2PV1rpV	NotEyewitness
RT @UltimaHoracom: P√°nico en Guatemala por sismo de 7,5 grados Richter http://t.co/ot8rNs8M	NotEyewitness
Destrucci√≥n en el Departamento de San Marcos.por lo menos se reportan 10 muertos,deja hasta el momento temblor  en Guatemala.	NotEyewitness
RT @ElNuevoDia: #Terremoto de 7.2 en #Guatemala deja el saldo de al menos 15 muertos y m√°s de medio centenar de viviendas destruidas - h ...	NotEyewitness
RT @chehade: Terremoto 7,3 en M√©xico y Guatemala? Eso es como un 8.8 en Chile. Espero que no hayan muchos heridos. Fuerza amigos en #Mex ...	NotEyewitness
RT @T13Noticias: Sismo, r√©plica de M5.0 Nov.7 a las 13:55pm, 41km SW de Champerico, Guatemala, prof 35km @chematierra	NotEyewitness
RT @elmundoes: #ACTUALIZAMOS Ya son 29 las personas fallecidas, y 150 las heridas, en el terremoto de Guatemala. http://t.co/qAg1GJNT	NotEyewitness
RT @JoeyMontanaT: Espero que mi gente de Guatemala este bien despu√©s de el terremoto que Dios los cuide mucho !! Abrazo desde Panam√° !	NotEyewitness
Sube a 29 la cifra de fallecidos por terremoto en Guatemala... http://t.co/0nYWoj3e	NotEyewitness
RT @El_Universal_Mx: #SISMO Se eleva a 29 la cifra de muertos por terremoto en #Guatemala  http://t.co/N43cNkEW	NotEyewitness
RT @PrimerImpacto: Hay muertos y desaparecidos a causa del fuerte terremoto en Guatemala. Detalles en breve en #PrimerImpacto	NotEyewitness
29 muertos por sismo en en Guatemala http://t.co/3Kyk0xBz	NotEyewitness
Dios el temblor fue catalogado Terremoto :s se nota que nuestra Guatemala esta Bendecida	Eyewitness
RT @20m: Al menos 29 muertos y 155 heridos por un terremoto de 7,2 grados en Guatemala http://t.co/i2XySOdm	NotEyewitness
RT @KarlaGiron4: Dejemonos del sensacionalismo, y unamos para apoyar a las personas q nos necesitan #SanMarcos el amor d Dios se resume  ...	NotEyewitness
Temblor y alerta de tsunami en Guatemala, hagamos cadena de oraci√≥n para que no sobreviva Ricardo Arjona.	NotEyewitness
RT @CharytinOficial: Oracion por Guatemala!!...ha estado demasiado fuerte ese Sismo...Dios atiendelos y ayudalos por favor!!!	NotEyewitness
RT @SambaAlvarado: Im√°genes fuertes despu√©s dl terremoto en #Guatemala Fuerza! V√≠ctimas mortales y desaparecidos. #Ecuador pa√≠s bendecid ...	NotEyewitness
RT @PedroFerriz: En total, el terremoto en Guatemala ha dejado ya 29 muertos http://t.co/lBzVID6i	NotEyewitness
Guatemala: muertos por terremoto podr√≠an elevarse a 15 http://t.co/yTfvCNcK	NotEyewitness
RT @eresFamoso: Al menos 29 muertos y 155 heridos por un terremoto de 7,2 grados en Guatemala: EFE Las autoridades advierten de ... http ...	NotEyewitness
RT @rcnlaradio: El terremoto de Guatemala en im√°genes #EscuchoRCN  http://t.co/xhAfePcG v√≠a @rcnlaradio	NotEyewitness
RT @RadioPuntoGT: AHORA: #ElSalvador, #Honduras, #CostaRica y #Venezuela, ofrecen ayuda para damnificados tras terremoto en #Guatemala.	NotEyewitness
RT @RadioNeXX: Numero de fallecidos por terremoto en Guatemala asciende a 39, inform√≥ el Presidente Perez Molina	NotEyewitness
RT @NeidaSandoval: Presidente de #Guatemala dice que han muerto 39 personas por el sismo de 7.4 grados esta ma√±ana :(	NotEyewitness
RT @laradiodelsur: Ascienden a 29 los fallecidos y un centenar de desaparecidos tras terremoto Guatemala, http://t.co/sThbAsEL	NotEyewitness
RT @CNNEE: Aumentan a 29 los muertos por el #sismo en #Guatemala, confirma @ConredGuatemala http://t.co/N4CDKxlb	NotEyewitness
#bn Un fuerte terremoto de 7,3 deja al menos 29 muertos en Guatemala http://t.co/q6ygZxqM	NotEyewitness
RT @almacaraluna: Los #ActivadosXGuate en #SanMarcos ya inician el apoyo a las autoridades locales. @RNIGuatemala	NotEyewitness
#TemblorGT sera..!! eso fue epilepsia geografica de una vez!	NotEyewitness
Ese terremoto en Guatemala -.- para pelos	NotEyewitness
RT @edwardsmorales: Presidente de Guatemala Otto P√©rez Molina dijo que aument√≥ a 39 la cifra de muertos por el fuerte sismo en la regi√≥n ...	NotEyewitness
Bueno Birds a sacar ropa en buen estado, medicinas, enlatados, agua pura, papel y dem√°s productos... Ayudemos a los nuestros. #Guatemala	NotEyewitness
Hay alerta roja en San Marcos (Guatemala) tras el sismo de 7.4 que deja hasta el momento un saldo de 29 muertos y m√°s de 100 desaparecidos.	NotEyewitness
RT @EmisorasUnidas: Diez miembros de una misma familia mueren soterradas en San Crist√≥bal Cucho, #SanMarcos. Alcalde de ese municipio pi ...	NotEyewitness
Sube a 29 la cifra de fallecidos por el terremoto en Guatemala http://t.co/zMoLZVJD	NotEyewitness
RT @EmisorasUnidas: El rostro de los ni√±os de San Crist√≥bal Cucho, #SanMarcos, donde fallecieron 10 miembros de una familia. V√≠a: @vpaz_ ...	NotEyewitness
RT @lilianagebel: Sismo 7.4 en Guatemala, oremos por las ciudades afectadas	NotEyewitness
RT @wikinoticias: [Sismo] Hay al menos 39 fallecidos en Guatemala. Autoridades indican que el n√∫mero se podr√≠a incrementar.	NotEyewitness
RT @madelcarmen30: Informa el presidente Otto P√©rez que se eleva a 39 la cifra de muertos por terremoto en #Guatemala http://t.co/bFkpb0 ...	NotEyewitness
RT @prensa_libre: RT @AntonioIxcot_PL: Videos luego del sismo de 7.2 grados en #Guatemala. El reporte completo en http://t.co/NQAzDT5j d ...	NotEyewitness
@prensa_libre: Gobernador de #SanMarcos reporta 39 personas fallecidas #FuerteSismoGT	NotEyewitness
RT @EmisorasUnidas: (((Video))) Sismo de 7.2 grados Richter sacude Guatemala dejando, seg√∫n reporte preliminar, unos 10 fallecidos.http: ...	NotEyewitness
Asciende n√∫mero de muertos por terremoto en Guatemala http://t.co/esNDOXdJ v√≠a @ELUniversal	NotEyewitness
Sismo de 5.1 a 54km Sur Oeste de Champerico, Guatemala. 7 de Nov  16:42 con epicentro (hace 21m , profundidad 35km). http://t.co/7LvfXfDC	NotEyewitness
RT @INFORMADORCHILE: Terremoto 7,4 Ricther Guatemala deja 15 fallecidos,casas en el suelo, 100 desaperecidos, 100MIL personas sin luz FO ...	NotEyewitness
RT @superconfirmado Secretario General de la OEA env√≠a condolencias a Guatemala por sismo que dej√≥ al menos 39 muertos	NotEyewitness
Al menos 39 muertos como consecuencia del terremoto de Guatemala http://t.co/OBqQb5TG	NotEyewitness
RT @Meganoticiascl: ACTUALIZADO 39 ser√≠an los fallecidos tras el fuerte sismo que afect√≥ a Guatemala http://t.co/VgPz2SQG	NotEyewitness
#Guatemala: 29 v√≠ctimas y 100 desaparecidos, seg√∫n presidente http://t.co/oAcy872T	NotEyewitness
RT @INFORMADORCHILE: Terremoto 7,4 Ricther Guatemala deja 60 fallecidos, casas en el suelo y cientos de desaparecidos  http://t.co/3BgYlsIW	NotEyewitness
RT @susanamorazan: Oficialmente segun CONRED 17 mil personas han resultado afectadas a raiz del sismo de 7.2 en Guatemala.	NotEyewitness
RT @XEllaSoyEva: El temblor que acabamos de sentir en la Cd. de Mex. (6.3¬∫) Vino de las costas de Chiapas y Guatemala. Esperamos se encu ...	NotEyewitness
Mapa del epicentro e intensidad del sismo m√°s fuerte occurrido en Guatemala en 36 a√±os http://t.co/ItnCHFZv ‚Ä¶ via @Wikipedia &amp; @USGS	NotEyewitness
RT @bbcmundo_ultimo: Aumenta a 39 el n√∫mero de muertos por el sismo en Guatemala http://t.co/RPcFciLD	NotEyewitness
RT @elmundoes: Aumenta a 39 los muertos tras el fuerte terremoto en Guatemala http://t.co/36QSCa6J	NotEyewitness
Imagenes de da√±os del sismo de 7.5 grados en Guatemala. http://t.co/EZGXLNG0 v√≠a @Alex_CANB -- ECTV Noticias (@ECTV_Noticias)	NotEyewitness
RT @hoy_mismo: #Envivo: Sube a 39 n√∫mero de muertos y 155 heridos por terremoto en Guatemala	NotEyewitness
RT @SIN24Horas: Al menos 39 muertos y casi cien desaparecidos deja terremoto en Guatemala http://t.co/rPLQ5rZH	NotEyewitness
RT @kevinAca10: Amigos les pido de todo coraz√≥n sus oraciones por Guatemala, hoy fue un d√≠a dif√≠cil con un fuerte temblor.@aztecaguate @ ...	NotEyewitness
RT @JoseCardenas1: el temblor de Chiapas... fue terremoto para Guatemala... hay 39 muertos y cientos de personas atrapadas entre los esc ...	NotEyewitness
RT @T13: Al menos 39 personas fallecieron en Guatemala por terremoto de 7,4 grados Richter. Todos los antecedentes, AHORA en #T13.	NotEyewitness
RT @RMadridSoccer: Mucho Animo a Guatemala y Mexico, que est√°n en un momento muy dificil por el Terremoto de hoy. ¬°Fuerza!	NotEyewitness
Im√°genes del terremoto en Guatemala muestran alto nivel de destrucci√≥n http://t.co/KbCvB2Av	NotEyewitness
Declaran alerta roja en Guatemala tras terremoto. El violento movimiento tel√∫rico cobra la vida de 39 personas al... http://t.co/HeFMCu2M	NotEyewitness
RT @Palomo_ESPN: Antes de arrancar @Espn_FDJ un saludo a Guatemala afectado por el terremoto de este d√≠a, mismo que ha golpeado a varios ...	NotEyewitness
39 muertos por sismo de 7.3 en Guatemala D:	NotEyewitness
@otto_galindoDW: Socorristas hondure√±os auxiliar√°n a damnificados por el sismo  esta ma√±ana en Guatemala. ¬°Gracias hermanos catrachos!	NotEyewitness
#TemblorGT no se c√≥mo hay personas que est√°n subiendo im√°genes jugando con eso de temblor, #FuerzaGuatemala hay que aprender a vivir.   üëèüôè	NotEyewitness
RT @El_CareChimba: Un minuto de silencio por los fallecidos en el sismo en nuestra Guatemala, hoy m√°s qu√© nunca tenemos qu√© ser solidari ...	NotEyewitness
RT @SinEmbargoMX: La OEA env√≠a sus condolencias a Guatemala por v√≠ctimas del terremoto http://t.co/ADiltif3	NotEyewitness
Sigue inform√°ndote a trav√©s de nuestra web http://t.co/1Sf4qyaF  y nuestras redes sociales sobre el #TemblorGT	NotEyewitness
RT @RNVcontigo: Aumenta a 39 cifra de fallecidos por sismo en Guatemala  http://t.co/RgiN0QVD	NotEyewitness
Sismo en Guatemala: Al menos diez muertos en San Marcos http://t.co/IBpJlD7b	NotEyewitness
RT @Milenio: [Al Minuto] Aumenta a 48 el n√∫mero de muertos por sismo en Guatemala, confirma @ottoperezmolina	NotEyewitness
RT @sonora969: Otto P√©rez:Guatemala declara 3 d√≠as de Duelo Nacional por v√≠ctimas de terremoto.	NotEyewitness
RT @JulioBonilla_SV: @Milenio: [Al Minuto] Aumenta a 48 el n√∫mero de muertos por sismo en Guatemala, confirma @ottoperezmolina @roxanawebb	NotEyewitness
RT @biobio: [ACTUALIZADO]  Se eleva a 48 la cifra de muertos por terremoto en Guatemala http://t.co/iK5hzuCh	NotEyewitness
RT @ALFAREROS: #Guatemala En Oracion Con Ustedes.	NotEyewitness
RT @Radio13Noticias: Expresa El Salvador condolencias por v√≠ctimas de sismo en Guatemala http://t.co/UxwJOkag	NotEyewitness
RT @NTN24: Sube a 48 la cifra de muertos por terremoto en Guatemala http://t.co/nUVweZLQ	NotEyewitness
RT @FelipeCalderon: Mis m√°s sentidas condolencias al pueblo de Guatemala por las v√≠ctimas que provoc√≥ el terremoto del d√≠a de hoy.	NotEyewitness
RT @Arjoneando: Informaci√≥n sobre sismo en Guatemala http://t.co/O4pkW67G	NotEyewitness
RT @EmisorasUnidas: Contin√∫an labores de rescate de soterrados en arenera de aldea El Recreo, #SanMarcos. V√≠a: B.Municipales Deptales. h ...	NotEyewitness
Dios mi√≥. Que triste lo de #Guatemala primeramente Dios, la gente l√°stimada pueda recibir la ayuda que necesitan.	NotEyewitness
RT @EmisorasUnidas: La primera noche en San Agust√≠n Tonal√° en San Pedro Sacatep√©quez, #SanMarcos, luego del #sismogt. Foto: Edna Rheiner ...	NotEyewitness
RT @revistaproceso: Suman 39 muertos y m√°s de 100 desaparecidos por sismo en Guatemala; en M√©xico, saldo blanco http://t.co/MYdDSM3f	NotEyewitness
RT @pedrovision: M√°s de 35 mil empleados de Salud est√°n en alerta: por terremoto en Guatemala  http://t.co/Zouj2G2Z v√≠a @pedrovision	NotEyewitness
RT @ElNacionalWeb: 48 muertos y 23 desaparecidos por sismo en Guatemala http://t.co/O0k9IZBi	NotEyewitness
Fuerte sismo sacudi√≥ a M√©xico, Guatemala y El Salvador http://t.co/hWYVLCr8	NotEyewitness
Terremoto en Guatemala mata al menos a 48, deja desaparecidos y cientos de heridos: http://t.co/MoLt5I0H	NotEyewitness
Con pesar por las lagrimas que han derramado los afectado en #SanMarcos que son gente muy noble pero sobre todo muy luchadora.	NotEyewitness
@diario24horas: Guatemala. 48 los muertos por sismo http://t.co/5ek4SLLw	NotEyewitness
Sismo en Guatemala: al menos 48 muertos y 23 desaparecidos - http://t.co/6SzdrnnV: Noticieros TelevisaSismo en Gu... http://t.co/WTxClH9L	NotEyewitness
Al menos 48 muertos por fuerte sismo en Guatemala http://t.co/ri5QZOVz	NotEyewitness
RT @NoticiasRCN: Temblor en Guatemala deja hasta el momento 49 muertos y 155 heridos. @NoticiasRCN por TV Colombia.	NotEyewitness
Al menos 48 muertos por fuerte sismo en Guatemala http://t.co/4Il8zsCV	NotEyewitness
RT @24HorasTVN: Guatemala: Se eleva a 48 el n√∫mero de fallecidos por terremoto - http://t.co/5TloDtKG	NotEyewitness
RT @FesanPrezPrez: #Cuba Emiten advertencia de posible tsunami por fuerte sismo en costas de Guatemala: El sismo de 7,5 ... http://t.co/ ...	NotEyewitness
RT @ApAlexGonzalez: Terremoto en Guatemala! Amados, San Marcos esta atravesando un situaci√≥n especial.  Es ahora que tenemos la... http: ...	NotEyewitness
Decreta presidente de Guatemala alerta roja por temblor: El presidente de Guatemala, Otto P√©re... http://t.co/qek1wJO9 Por Linea Directa	NotEyewitness
43 muertos por un sismo en Guatemala y alerta de tsunami en Nicaragua - [Leer el art√≠culo] - http://t.co/ZZF11bGa	NotEyewitness
#RTL Video: Primeras im√°genes del terremoto de 7,5 grados en Guatemala: El presidente de Guatemala, Otto P√©rez... http://t.co/iDoXPIeg	NotEyewitness
RT @Alee_Alejaandra: Lo que me da miedo es que haya otro #TerremotoGT en la madrugada :S	Eyewitness
RT @RaulOrvananos: Un abrazo a los amigos de Guatemala que fueron afectados por el temblor, animo y para adelante	NotEyewitness
RT @silviaolmedo: Un abrazo a todas las v√≠ctimas y sus familiares del terremoto de Guatemala	NotEyewitness
Via @teleSURtv: Ascienden a 48 los muertos por terremoto en Guatemala http://t.co/vLaYYZWb	NotEyewitness
Aumenta a 48 los muertos por terremoto en Guatemala http://t.co/FMOmdDfo	NotEyewitness
99 personas fallecieron en el Terremoto de San Marcos , Guatemala .	NotEyewitness
Esta noche oremos por los damnificados del terremoto de #Guatemala y ma√±ana a colaborar con v√≠veres Ora y labora	NotEyewitness
Otto P√©rez eleva a 48 los muertos por el terremoto en Guatemala: La provincia m√°s afectada es San M... http://t.co/LCMhkxoI Via @el_pais	NotEyewitness
RT @MaximoBaezaybar: Sube a 48 la cifra de v√≠ctimas por sismo en Guatemala    http://t.co/gplpt94m	NotEyewitness
#TERREMOTO EN #GUATEMALA Y SE DIERON 19 REPLICAS DURANTE EL DIA http://t.co/Xqr4C7Q9 #CHILE #PERU #BOLIVIA #SPAIN #MEXICO #BELIZE #HOUSTON	NotEyewitness
RT @elcercho: #SiSosChapin reportemos a @Arquinauta8 creo que x el tuit que puso se echo a toda Guatemala encima! :@ #TemblorGT http://t ...	NotEyewitness
RT @PrincipeWilli: TRISTES NOTICIAS EN GUATEMALA:  Encuentran a Ricardo Arjona despu√©s del temblor en su apartamento con vida..	NotEyewitness
RT @el_Periodico: Terremoto en Guatemala deja al menos 39 muertos. | [VIDEO] http://t.co/RO5miqjQ	NotEyewitness
RT @jorgeramosnews: El presidente de Guatemala habla de 100 desaparecidos por el sismo de 7.2 esta ma√±ana. El peor en 36 a√±os	NotEyewitness
RT @lasillarota: Aumenta a 48 el n√∫mero de personas muertas tras el sismo de 7.4 grados en la escala Richter que sacudi√≥ a Guatemala htt ...	NotEyewitness
Terremoto que sacudi√≥ #Guatemala se ha cobrado la vida de al menos 39 personas http://t.co/gvwEp8iF	NotEyewitness
RT @Telediariogt: SISMO: m√°s de 30 r√©plicas se registran en Guatemala tras sismo de 7.2 de la ma√±ana. Magnitudes desde 3.5 hasta 4.9 gra ...	NotEyewitness
RT @CarolinaPadron: En 30min el @SportsCenter_nt! Se lo dedicamos a la gente en Guatemala, que la pasa mal por el terremoto. #FuerzaGuat ...	NotEyewitness
48 personas muertas se han contabilizado tras terremoto en Guatemala http://t.co/Bv7dnU13	NotEyewitness
RT @MLorenzo_td: ATENCI√íN: reportan m√°s de medio mill√≥n de personas afectadas por fuerte sismo en Guatemala. Al momento 654 mil afectado ...	NotEyewitness
‚Äú@NoticiasMVS: Se eleva a 48 la cantidad de muertos por terremoto en Guatemala http://t.co/DCpkKhJd‚Äù	NotEyewitness
RT @NotiGuatemala: Muertos en Guatemala podr√≠an aumentar tras intenso terremoto - Prensa Latina http://t.co/cNNwkbIV #Guatemala	NotEyewitness
Habr√° que ponerle nombre al terremoto de Guatemala para que a alguien le importe, ¬øos parece bien Bob?	NotEyewitness
RT @ElHuffPost: Al menos 48 muertos en un terremoto en Guatemala http://t.co/WkyKijzE	NotEyewitness
El terremoto de magnitud 7,5 en Guatemala causa al menos 48 muertos y 23 desaparecidos http://t.co/unSfON18 #Global http://t.co/838cpPSm	NotEyewitness
RT @rtve: El terremoto de Guatemala, de magnitud 7,2 en la escala Richter, causa al menos 48 muertos y m√°s de 100 heridos http://t.co/p4 ...	NotEyewitness
Se eleva a 48 el total de muertos por el terremoto en Guatemala http://t.co/YTXl34bK	NotEyewitness
Cifra de fallecidos por terremoto en Guatemala aumenta a 50 http://t.co/IJEi2ock	NotEyewitness
Al menos 48 muertos por terremoto en Guatemala: (Foto Reuters) El sismo que sacudi√≥¬† Guatemala se ha cobrado la ... http://t.co/wGogcuiC	NotEyewitness
RT @mercuriovalpo: Un #SISMO 4,1¬∫ Richter se registr√≥ esta madrugada en la Regi√≥n de Valpara√≠so http://t.co/Z6sFVmAo	NotEyewitness
RT @UltimaHoracom: Cifra de fallecidos por terremoto en Guatemala aumenta a 50 http://t.co/tkfZzMpC	NotEyewitness
http://t.co/S2ogHj0M Terremoto deja al menos 48 muertos en Guatemala en http://t.co/gcYcISBm BlackBerry	NotEyewitness
RT @wikinoticias: Guatemala amanece bajo duelo nacional por la muerte de 50 personas tras el terremoto de 7,4 grados de ayer. 25 siguen  ...	NotEyewitness
Al menos 48 muertos por fuerte sismo en Guatemala: El gobierno de Guatemala declar√≥ la alerta roja tras el sismo... http://t.co/0ZUApj2q	NotEyewitness
RT @noticias24: Noche de intensos rescates: Guatemala en alerta tras sismo de magnitud 7,2 (+fotos)  - http://t.co/YIzvROjL	NotEyewitness
( V√≠deo) Primeras im√°genes del #terremoto en #Guatemala http://t.co/hWsdn9Af http://t.co/px92NqIJ	NotEyewitness
Terremoto que dej√≥ unos 48 muertos en Guatemala es el m√°s violento en los √∫ltimos 36 a√±os http://t.co/Ee30Fr5H	NotEyewitness
RT @CNNEE: Al menos 50 muertos, 150 heridos y m√°s de 20 desaparecidos es el saldo del sismo de 7,4 grados que sacudi√≥ #Guatemala http:// ...	NotEyewitness
RT @opusdei_es: Telegrama de #BenedictoXVI http://t.co/2Ho0Zoga por las v√≠ctimas del terremoto en #Guatemala	NotEyewitness
Ver el terremoto de guatemala desde dos puntos de vista diferentes pero con p√°nico y temor en ambas.....	NotEyewitness
Al menos 39 muertos y casi cien desaparecidos deja terremoto en Guatemala http://t.co/8gUUJwiy v√≠a @msnlatam	NotEyewitness
RT @carmenaleu: Primero el sandy ese , dsp terremoto en guatemala aiaiai que miedo :'(	NotEyewitness
Al menos 48 muertos y 23 desaparecidos en un violento terremoto en Guatemala http://t.co/vOZArUhf	NotEyewitness
FOTOS: Noche de angustia en Guatemala tras sismo - Actualidad | √öltimas Noticias http://t.co/S39ToKw4	NotEyewitness
3 d√≠as de luto en #Guatemala por las v√≠ctimas del #sismo; se mantiene el estado de #AlertaRoja a nivel nacional.	NotEyewitness
Tragedia en Guatemala, tras sismo http://t.co/Qeqa6raG	NotEyewitness
Lamenta Papa muertes por sismo en Guatemala http://t.co/k6uAFDZO	NotEyewitness
Lamenta Papa muertes por sismo en Guatemala: Benedicto XVI mencion√≥ que ofrece sus oraciones por el descanso de ... http://t.co/mwAGIJE3	NotEyewitness
RT @CNNChile: AHORA: √öltimo reporte de terremoto en Guatemala confirma 52 muertos  y 22 desaparecidos #CNNChile	NotEyewitness
Otto P√©rez eleva a 48 el n√∫mero de muertos por el terremoto en Guatemala http://t.co/AqHsYYbp	NotEyewitness
Suben a 52 los muertos por  sismo en Guatemala ‚Äì CNN en Espa√±ol ‚Äì  http://t.co/Kt6LnYhA Blogs http://t.co/56P5tW4b	NotEyewitness
@tusantorosario Telegrama de #BenedictoXVI http://t.co/PetgIFIc  por las v√≠ctimas del terremoto en #Guatemala #StopDesahucios Pls RT	NotEyewitness
Aumenta n√∫mero de muertos por sismo que sacudi√≥ Guatemala http://t.co/kLkD5MT2	NotEyewitness
RT @CNNEE: Suben a 52 los muertos por el sismo en #Guatemala, seg√∫n el presidente Otto P√©rez Molina http://t.co/8TBCsfvp	NotEyewitness
Suben a 52 los muertos por el sismo en Guatemala; declaran tres d√≠as de duelo ‚Äì CNN en Espa√±ol ‚Äì http://t.co/xXs1tp39	NotEyewitness
En fotos: el peor terremoto en Guatemala desde 1976 http://t.co/ZWHq1bgi	Eyewitness
RT @Caracol1260: Noticia de Caracol1260 Suman 52 los muertos y 1,2 millones de afectados por terremoto en Guatemala http://t.co/VOyBLesS	NotEyewitness
A 52 se elev√≥ el n√∫mero de muertos por terremoto en Guatemala http://t.co/lptHpmBF	NotEyewitness
RT @las7del7: Ott√≥n P√©rez Molina, Pdte. de Guatemala, decret√≥ 3 d√≠as de duelo nacional tras el sismo de 7.4 grados.	NotEyewitness
Ascienden 52 los muertos y 1,2 millones de afectados por terremoto en Guatemala:      La cifra de muertos por el... http://t.co/YyCHBArU	NotEyewitness
RT @prensa_libre: NOTICIERO ONLINE: Se eleva a 52 la cifra de v√≠ctimas mortales tras sismo en Guatemala. #PrensaLibreHOY en http://t.co/ ...	NotEyewitness
Ban se solidariza con Guatemala tras terremoto y ofrece ayuda a damnificados http://t.co/1hC2psQY	NotEyewitness
RT @SinEmbargoMX: Ban se solidariza con Guatemala tras terremoto y ofrece ayuda a damnificados http://t.co/1hC2psQY	NotEyewitness
RT @AySii_AySii: Por eso soy del Bar√ßa, el FC Barcelona env√≠a mensaje a Guatemala luego del terremoto [FOTO] http://t.co/nrDAVDv2	NotEyewitness
Aumenta a 52 personas la cifra de fallecidos a consecuencia del Terremoto que sacudi√≥ a Guatemala.- http://t.co/vr1JDxWj	NotEyewitness
RT @C5N: #Guatemala: El n√∫mero de v√≠ctimas fatales por el temblor se eleva a 52 (v√≠a @cnnbrk)	NotEyewitness
RT @noticierodelafm: El presidente de Guatemala, Otto P√©rez Molina, explic√≥ en LA F.m. la situaci√≥n tras el terremoto http://t.co/UXNVxV3U	NotEyewitness
FOTOS: Estragos en #Guatemala por terremoto. http://t.co/lU1THxyz ¬øTe encuentras en ese pa√≠s?¬øC√≥mo se viven estos momentos? Cu√©ntanos.	NotEyewitness
Suman 52 los muertos y 1.2 millones de afectados por terremoto en Guatemala | Siempre! http://t.co/iFj1SbBb	NotEyewitness
56 ya es el n√∫mero de personas fallecidas en #Guatemala	NotEyewitness
RT @SNMP_ve: @laradiodelsur: Latinoam√©rica se solidariza con Guatemala luego del fuerte sismo http://t.co/KnlsZAWg	NotEyewitness
El FC Barcelona manifest√≥ su apoyo a Guatemala por el terremoto de ayer a trav√©s de su Facebook. #F√∫tbol #Solidaridad http://t.co/VfBWm65z	NotEyewitness
RT @El_Universal_Mx: #SISMO Sube a 52 la cifra de muertos en #Guatemala. A√∫n hay 22 desaparecidos, se prev√© que cifra de v√≠ctimas aument ...	NotEyewitness
@EmisorasUnidas: Playa de Ocos, en #SanMarcos, tras el paso del terremoto. Foto: @Gelu219 http://t.co/TRlX7Q4w	NotEyewitness
RT @globovision: Guatemala vuelve a sufrir por un sismo despu√©s de 36 a√±os de potente terremoto  http://t.co/OcdmnP25	NotEyewitness
Hay un mill√≥n de personas afectadas tras sismo de Guatemala: Habitantes y rescatistas usan equipo pesado en busc... http://t.co/SJ9qnFSv Via	NotEyewitness
RT @EugeniaRLaise: Siguen los trabajos de rescate en Guatemala tras el terremoto | Paz y solidaridad para lo damnificados.	NotEyewitness
Se suspende el Festival del √Årbol Gallo y se destinar√° la mitad de los fondos (Q5 millones) a los damnificados por el sismo en #Guatemala	NotEyewitness
#VIVACHAVEZCARAJO Aumenta a 52 los muertos y 1,2 millones de afectados por terremoto en Guatemala: contin√∫a la .... http://t.co/BhaTqN0G	NotEyewitness
Medina expresa condolencias a Guatemala por fallecidos en sismo http://t.co/SeUUkvdq	NotEyewitness
Un Nuevo #Sismo de 4.2 con epicentro en #Guatemala sacude #ElSalvador http://t.co/uZ4ox5wy	NotEyewitness
RT @ochacolombia: EVALUACI√ìN DE DA√ëOS EN INFRAESTRUCTURA POR SISMO EN GUATEMALA... http://t.co/Oy3LwLy6	NotEyewitness
RT @mecklerologo: FOTO Impactante imagen de lo que ocasiono el devastador #Temblor Ubicaci√≥n; Zona 2, san √°ngel Guatemala.  #TemblorGT h ...	NotEyewitness
RT @abelzavalamusic: Oremos por nuestros hermanos de Guatemala, el d√≠a de ayer un terremoto de 7.4 grados sacudi√≥ el bello pa√≠s,... http ...	NotEyewitness
RT @revistaproceso: Aumenta a 52 el n√∫mero de muertos por sismo en #Guatemala http://t.co/nhPtKyYo	NotEyewitness
RT @reddeemergencia: Fuerza @conredguatemala  y a todo el pueblo de Guatemala, desde Chile sabemos lo q es un Terremoto, estamos atentos ...	NotEyewitness
RT @teleSURtv: Restablecidos servicios p√∫blicos en zonas afectadas por sismo en Guatemala http://t.co/UizOr2J2	NotEyewitness
(+GALER√çA) Vea las im√°genes m√°s desastrosas del terremoto que sacudi√≥ a Guatemala http://t.co/f8vZsDUY V√≠a @la_iguanatv	NotEyewitness
Venezuela se solidariza con Guatemala por v√≠ctimas del terremoto http://t.co/6Pf3Yzjj	NotEyewitness
Guatemala tiene la mente en otra parte, me imagino que los jugadores est√°n preocupados por el terremoto, pero ahorita decidance y jueguen!!!	NotEyewitness
@ElEspectador Miedo y  falta de suministros b√°sicos tras sismo en Guatemala http://t.co/3Qt1nHcO	NotEyewitness
RT @RafaelNadal: Lo que est√° pasando en Guatemala me tiene sin palabras! Todo mi apoyo a los afectados por el terremoto!	NotEyewitness
@soricas escribio esto: ‚ÄúUn terremoto en Guatemala, existe un pais con ese nombre? Los indios nos venden‚Äú &gt;:o	NotEyewitness
RT @gnava72: AMIGOS HOY TENEMOS que ayudar a los hermanos que sufrieron el terremoto en GUATEMALA apolla a los centros de acopio en tu c ...	NotEyewitness
Guatemala pide ayuda para la reconstrucci√≥n tras el poderoso sismo - http://t.co/2Fxh2fzD	NotEyewitness
Terra Mobile Per√∫ - Yo viv√≠ el terremoto en Guatemala http://t.co/kKGTiG08	NotEyewitness
RT @GladysR_gtv: #CONRED reporta nuevo #Sismo a las 6:43am, magnitud  4.3 grados Richter a 87 Kms. de Oc√≥s, #SanMarcos #Guatemala. http: ...	NotEyewitness
RT @noticias24: Venezuela expresa sus condolencias a Guatemala tras el sismo y ofrece apoyo (+comunicado) - http://t.co/6Hz5C12J	NotEyewitness
RT @Guatevision_tv: Sismo a las 6:43 horas, con una magnitud de 4.3 grados Richter a 87 Kms. de Oc√≥s, Guatemala http://t.co/zDvY736N Fue ...	NotEyewitness
Asciende a 52 el n√∫mero de v√≠ctimas del terremoto en Guatemala (+Fotos) http://t.co/Wf8f8V4E	NotEyewitness
Terremoto en Guatemala deja al menos 50 muertos http://t.co/RmWCyTZJ	NotEyewitness
M√°s de 2 mil viviendas sufrieron da√±os por terremoto en Guatemala: El sismo que estremeci√≥ el pasado mi√©rcoles l... http://t.co/OAk7vPCU	NotEyewitness
Ampl√≠an estado de calamidad a siete departamentos de Guatemala por el terremoto http://t.co/YwYs2R7H	NotEyewitness
RT @EU_Xela: CONRED reporta sismo a las 6:43 hrs, con magnitud de 4.3 grados escala de Richter a 87 Kms. de Oc√≥s, SM, Guatemala. #LaRevi ...	NotEyewitness
RT @AristeguiOnline: Nuevo sismo de 4.5 grados sacude Guatemala http://t.co/GS70e2jN	NotEyewitness
RT @quiquegodoy: Lo peor es que nadie entendi√≥ el sarcasmo y ataque hacia los medios por la poca cobertura del terremoto en Guatemala de ...	NotEyewitness
RT @globovision: Miedo, falta de agua, luz y techo tras devastador sismo en Guatemala http://t.co/Tw3vtH66	NotEyewitness
Conred me bloqueo por preguntar: si sabemos tanto de #terremotos en #Guatemala: ¬ø*ke sufrimos muerte y destrucci√≥n? #wikileaks @wikileaks	NotEyewitness
RT @UniNoticias: ^Estado de calamidad en Guatemala x los da√±os del terremoto de esta semana. Im√°genes y detalles en #Noticiero @Univision	NotEyewitness
Edificio de escuela publica resulta seriamente afectada en su infraestructura por fuerte #SismogT, en El Quetzal #SanMarcos.	NotEyewitness
Mientras unos estamos ahorrando y/o pidiendo ayuda para los damnificados por el #Terremotogt otros piden ayuda para un Tour (siguiente tuit)	NotEyewitness
Mandatario asegura que la ayuda humanitaria est√° fluyendo, pero pide paciencia a los afectados #sismogt #temblorgt	NotEyewitness
52 personas han perdido la vida y un mill√≥n m√°s resultaron afectados tras sismo en Guatemala. http://t.co/fRdUw14C	NotEyewitness
@jmj_pt Se√±or  te pedimos por toda la Juventud afectado por el terremoto en Guatemala para q tu llenes de tu esp√≠ritu y los animes	NotEyewitness
RT @prensa_libre: 800 voluntarios y t√©cnicos evaluar√°n los da√±os que dej√≥ el #temblorgt #sismogt - lee la nota http://t.co/hgBCoaMv http ...	NotEyewitness
RT @TembloresEnMX: Mapa S√≠smico de las √∫ltimas horas 10/11/2012 7:43 hrs. #sismo #temblor http://t.co/GT7e87tW	NotEyewitness
RT @prensa_libre: Champerico #Retalhuleu clama por ayuda luego del #terremotogt http://t.co/IH8CzFUv	NotEyewitness
RT @prensa_libre: 94 r√©plicas se han registrado desde el terremoto que azot√≥ a Guatemala, el pasado mi√©rcoles. #Sismogt	NotEyewitness
RT @ElNacionalWeb: Reducen a 42 la cifra de muertes en Guatemala por el terremoto del mi√©rcoles http://t.co/sFNnUcpZ	NotEyewitness
Reducen a 42 la cifra de muertos por terremoto en Guatemala http://t.co/ow6LAycu	NotEyewitness
RT @globovision: Baja a 42 n√∫mero de muertos por terremoto en Guatemala http://t.co/AWrpMYUf	NotEyewitness
RT @paugasol: Que cat√°strofe en Guatemala! Todo mi apoyo y cari√±o para los afectados por el terremoto del pasado mi√©rcoles. Mucha Fuerza ...	NotEyewitness
El tenista @RafaelNadal escribi√≥: Lo que est√° pasando en Guatemala me tiene sin palabras! Todo mi apoyo a los afectados por el terremoto!‚Äù	NotEyewitness
#Guatemala reporta 95 r√©plicas de #terremoto del mi√©rcoles pasado http://t.co/E5VayrL0	NotEyewitness
Que mal se suspendi√≥ la inauguraci√≥n del arbol gallo, pero no importa porque hay que estar unidos con #Guatemala	NotEyewitness
Guatemala reporta 95 r√©plicas de terremoto del mi√©rcoles pasado http://t.co/BQLodlfM	NotEyewitness
Via @latercera Unesco donar√° US$50 mil a Guatemala tras terremoto de 7,4¬∞ Richter http://t.co/cr8bw9i3	NotEyewitness
Gracias por los 100 retuits en esta ilustraci√≥n, https://t.co/lOnIW6sV  todo fue posible x uds... Dios bendiga a #SanMarcos	NotEyewitness
RT @EmisorasUnidas: Aeroclub de Guatemala y Emisora Unidas contin√∫an con recepci√≥n de v√≠veres para damnificados por terremoto. http://t. ...	NotEyewitness
@GusMenFox  desde Guatemala, tras el terremoto, al pendiente de los BLUES !!! #comeonblues	NotEyewitness
Como qe hubo otro #temblorGT Gracias a Dios vivo en Zacapa \o/	NotEyewitness
RT @el_Periodico: Hace unos pocos segundos fue sensible un sismo en la ciudad capital ¬øUsted siti√≥ el sismo? #TemblorGt	NotEyewitness
Hoy 16:20hs Reporte preliminar del sismo por @ConredGuatemala es 6,4 Richter, Recuerden  Mantener la calma amigos de Guatemala.	NotEyewitness
@EmisorasUnidas en Antigua Guatemala fue sensible en sismo	NotEyewitness
RT @MARN_Oficial_SV: Sismo sentido mag: 6.2, frente a costas de Guatemala. Prof: 29 Km. Intensidad: II en San Salvador.2012-11-11, 16:15 ...	NotEyewitness
RT @Foro_TV: #Ahora Un fuerte sismo con magnitud de 6.2 grados Richter sacude #Guatemala, inform√≥ el  USGS	NotEyewitness
RT @24HorasTVN: LO √öltimo: Fuerte #sismo en #Guatemala.....aqu√≠ detalles http://t.co/pHIR8DBv	NotEyewitness
GUATEMALA ESTA A PRUEBA!! OTRA VEZ SACUDE UN SISMO FUERTE EN GUATEMALA, FUE LA REPLICA NUMERO 110 DEL PASADO... http://t.co/2cf4Qcgj	NotEyewitness
RT @el_Periodico: Bomberos Voluntarios confirman que casas da√±adas en San Marcos se terminan de derrumbar. #TemblorGt	NotEyewitness
@Josejuanelias: Fuerte sismo sacude de nuevo a Guatemala!!	NotEyewitness
FLASH: Otro terremoto de 6,2 sacude la costa del Pac√≠fico de #Guatemala  http://t.co/gEXYsTDb #GT #sismo‚Äù	NotEyewitness
RT @leggiere: @antoniomanco: √öLTIMO MINUTO: Guatemala sacudida por cuatro sismo en menos de una hora http://t.co/nGSywABd	NotEyewitness
RT @ronnygramos: Y se vino el otro #TemblorGt	NotEyewitness
Reporte Oficial Indica que hace unos minutos se present√≥ un Sismo de 6.5 grados Richter en la Frontera de Guatemala con Chiapas M√©xico.	NotEyewitness
Esta bien mi gente de Guatemala? Nuevo sismo 6.1...	NotEyewitness
Insivumeh contabiliza seis r√©plicas m√°s en las √∫ltimas horas http://t.co/NEtxuuz3 #Guatemala	NotEyewitness
RT @ElyRecinos: #TemblorGt Segun Insivumeh de intensidad 6.1 grados/ epicentro Champerico/ Hora: 4:15 pm / con este van 110 r√©plicas	NotEyewitness
RT @Diario_Libre: Sismo de magnitud 6,2 con epicentro en Guatemala sacude El Salvador http://t.co/rVJZDGjc	NotEyewitness
RT @UltimaHoracom: Sismo de magnitud 6,2 con epicentro en Guatemala sacude El Salvador http://t.co/WVVnvNAR	NotEyewitness
Sismo de magnitud 6,2 caus√≥ p√°nico en Guatemala: Las autoridades de protecci√≥n civil, que todav√≠a no han informa... http://t.co/iD6uijKs	NotEyewitness
#terremoto de magnitud 6.2 sacudi√≥ las costas de #Guatemala http://t.co/ogkSY3gl @reporterremoto #earthquake	NotEyewitness
RT @telenoticias7: Sismo de 6,2 grados causa p√°nico entre la poblaci√≥n de Guatemala http://t.co/aP9U313F	NotEyewitness
@MadriCR En costa rica ser√≠a normal .. luego del sismo de guatemala .. hace un par de Horas ...	NotEyewitness
RT @rulobono: Fuerza a #SanMarcos estamos con uds saldr√°n de esto. ojala y me ayuden a retuitiar esto!! gracias. http://t.co/ZyfO4Ei8	NotEyewitness
RT @chematierra: Se siguen acomodando, la Placa de Cocos subyace a la del Caribe, nuevo sismo M4.7/9:31pm, 25km al SW de Ocos Guatemala  ...	NotEyewitness
Un sismo de 6.5 grados se registra cerca de la frontera entre M√©xico y Guatemala http://t.co/UjJv1gQg	NotEyewitness
@GlendyGon con cuidado y Dios les bendiga. #SanMarcos	NotEyewitness
Entregaremos ayuda en el hospital nacional de #SanMarcos #Guatemala	NotEyewitness
RT @UniNoticias: - Aumenta a 20 mil n√∫mero de damnificados tras sismo del pasado 7 de noviembre en Guatemala. http://t.co/Qpdpnfc0	NotEyewitness
Aviso #Sismo con Magnitud 5.4, Off the coast en Aisen, Chile	NotEyewitness
@lapoly52  lo dijeron Adormir con #Pijama de #minero que red quake alert aun que no descarta un #sismo de 6¬∫ para HOY #MARTES13 #AsiSomos	NotEyewitness
RT @sonora969: @telecentrofsoto: Fuerte sismo se reporta en #SanMarcos @sonora969 @T13Noticias http://t.co/fB7kinUk	NotEyewitness
RT @CronicaChillan: Un #SISMO de 6,0¬∫ Richter se registr√≥ frente a la costa de Ays√©n http://t.co/F2QivD0d	NotEyewitness
Hoy habr√° #TerremotoGt por ser martes 13, los temblores eran una introduccion	NotEyewitness
RT @sonora969: Contin√∫a el proceso de demolici√≥n de viviendas en #SanMarcos http://t.co/f2PnJvjB	NotEyewitness
$ 3OO,OOO.OO Donara la Republica de #taiwan a #guatemala Anunciado por Adolfo Sun, Embajador de Taiwan...	NotEyewitness
RT @CIVgt: Ministro de Comunicaciones @ASinibaldi coordina trabajos de limpieza y demolici√≥n en #SanMarcos. @ottoperezmolina http://t.co ...	NotEyewitness
[Ym] ‚í∏‚í∏‚Ü™ Sube a 44 el n√∫mero de muertos por el terremoto en Guatemala http://t.co/2ZJJ2wWU ‚Ü© #Noticias #Mundo	NotEyewitness
RT @NoSePaseDice: RT Si Ofreces a Pe√±a Nieto para calmar la ira de Los Mayas #Temblor #Sismo	NotEyewitness
Rescatan √∫ltimos dos cuerpos en San Marcos, tras sismo en Guatemala http://t.co/BemOkbTT #Internacional	NotEyewitness
RT @holamexico: Las autoridades reportan que no hay da√±os en el DF tras #Sismo de 7.3 grados  http://t.co/voAetB2G	NotEyewitness
Guatemala a una semana del terremoto - Prensa Latina http://t.co/KeYEmoNy #Guatemala	NotEyewitness
Aumenta a 44 el n√∫mero de muertos por terremoto en Guatemala http://t.co/kvZBDaUq	NotEyewitness
#informate Sismo de 3.1 sacude frontera con El Salvador y Guatemala http://t.co/ikACDZLH	NotEyewitness
Aviso #Sismo con Magnitud 1.4, 31km SE en Lone Pine, California	NotEyewitness
TERREMOTOS, DESASTRES y CONTAMINACI√ìN pero tambi√©n ESPERANZA con esta canci√≥n de Roxero: http://t.co/QGO8XmUf #Sismo #Temblor #Terremoto	NotEyewitness
El #SISMO del norte provoc√≥ rodados en Vallenar http://t.co/fLCm5AqO	NotEyewitness
RT @PublimetroChile: Dos perros ayudan a localizar a su amo v√≠ctima del terremoto en Guatemala --&gt; http://t.co/rsSDC07O	NotEyewitness
@VENENO_CRUZ: Me gustar√≠a que todos vieran este video #SANMARCOS http://t.co/pFrTl2Ug‚Äù	NotEyewitness
jugando a la play, &amp; esta sacudida pffff ._. #temblorgt	Eyewitness
Guatemala: el sismo ya lleva 193 r√©plicas http://t.co/gYAI6mek	NotEyewitness
Esper√≥ que haya otro temblor en Guatemala para que ahora si se mueran todos esos gusanos.	NotEyewitness
RT @sonora969: Bendiciones Hermoso sabado      @telecentrofsoto: Esta foto es la foto de un amanecer en #SanMarcos @sonora969 http://t.c ...	NotEyewitness
Esta noche en #Guatemala http://t.co/syQ7tSkm	NotEyewitness
Agnte001 Crear√° Guatemala comit√© de reconstrucci√≥n tras terremoto: El comit√© tendr√° como objetivo coordinar la r... http://t.co/rAzkRXB1	NotEyewitness
RT @prensa_libre: Venezuela env√≠a a Guatemala 50 toneladas m√°s de alimentos y medicinas para afectados de terremoto http://t.co/FV1B2mV9 ...	NotEyewitness
RT @hdluis: Despu√©s de todo veo un #SanMarcos lleno de esperanza y que se va levantar!!  S√≥lo creamosle a Dios y nuestros corazones conf ...	Eyewitness
#sismo #temblor Arica, fuerte sismo pronosticado por red quake alert	NotEyewitness
RT @T13Noticias: Israel har√° llegar a Guatemala v√≠veres a los damnificados del terremoto, los cuales ser√°n distribuidos en 82 albergues  ...	NotEyewitness
Comenzar√° reconstrucci√≥n de viviendas tras sismo en Guatemala: El gobierno guatemalteco evalu√≥ hoy las primeras acciones de reconstru...	NotEyewitness
#Guatemala: 3.4 milliones de personas afectadas por sismo de escala 7.2. - http://t.co/oNDPCq46	NotEyewitness
RT @solosismos: ALERTA #Sismo con Magnitud 5.8, 225km SSW en Panenggoede #Indonesia	NotEyewitness
Grado VI y ni lo sentido... #Sismo	NotEyewitness
RT @CNNEE: #Sismo de magnitud 6,1 sacudi√≥ las costas de #Chile http://t.co/zxdNcdHo	NotEyewitness
ALERTA #Sismo con Magnitud 2.1, 22km SE en El Negro #Puerto Rico	NotEyewitness
ALERTA #Sismo con Magnitud 1.0, 14km N en Meadow Lakes #Alaska	NotEyewitness
@diedigi @stefanobandera i 3 fanatici del #terremoto :) #vogliodormire	NotEyewitness
RT @ElDatoDelDia: #Terremoto de 6.3 azot√≥ el noroeste de Bologna, Italia http://t.co/jv6aRTf3	NotEyewitness
#terremoto le llaman a un sismo de 5.6 en Italia, entonces lo que pasa en Chile y Per√∫ que es cataclismo?	NotEyewitness
RT @RominaCabj: nostradamus habia predicho un terremoto en la peninsula italica para el 20 de mayo.. y que paso? hubo un sismo en italia :O	NotEyewitness
#Terremoto de 6.3 azot√≥ el noroeste de Bologna, Italia :/ Bologna!!	NotEyewitness
RT @SantiContreras: Da√±os del Terremoto en Italia de 6.0 grados de hace una hora http://t.co/HP6vyMcD	NotEyewitness
Yaaaaaa no me hagan asustar con eso de que Nostradamus dijo que iba pasar lo del terremoto en Italia un 20 de Mayo!!!!!!!!!!	NotEyewitness
RT @BreakingNewsChi: BREAKING NEWS: Televisi√≥n Italiana confirma que ya son 4 los muertos por terremoto en Italia http://t.co/5fXdQ7Ey	NotEyewitness
RT @fatimapastrana: